TUB-001-005025	Sch 160	TUBO METÁLICO; AC; A106 GR B; S/C; PC; PTFE; B36.10
TUB-001-007043	Sch 40	TUBO METÁLICO; AC; A106 GR B; S/C; PC; PTFE; B36.10
TUB-001-010050	Sch 40	TUBO METÁLICO; AC; A106 GR B; S/C; PC; PTFE; B36.10
TUB-001-015027	Sch 40	TUBO METÁLICO; AC; A106 GR B; S/C; PC; PTFE; B36.10
TUB-001-020023	Sch 40	TUBO METÁLICO; AC; A106 GR B; S/C; PC; PTFE; B36.10
TUB-001-030040	Sch 40	TUBO METÁLICO; AC; A106 GR B; S/C; PC; PTFE; B36.10
TUB-001-040045	Sch 40	TUBO METÁLICO; AC; A106 GR B; S/C; PC; PTFE; B36.10
TUB-001-060053	Sch 40	TUBO METÁLICO; AC; A106 GR B; S/C; PC; PTFE; B36.10
TUB-001-080061	Sch 40	TUBO METÁLICO; AC; A106 GR B; S/C; PC; PTFE; B36.10
TUB-001-100067	Sch 40	TUBO METÁLICO; AC; A106 GR B; S/C; PC; PTFE; B36.10
TUB-001-120025	Sch 40	TUBO METÁLICO; AC; A106 GR B; S/C; PC; PTFE; B36.10
TUB-002-260006		TUBO; AC; A672 GR C55 CL 12; C/C; PC; B36.19
TUB-002-300005		TUBO; AC; A672 GR C55 CL 12; C/C; PC; B36.19
TUB-002-360001		TUBO; AC; A672 GR C55 CL 12; C/C; PC; B36.19
TUB-002-420001		TUBO; AC; A672 GR C55 CL 12; C/C; PC; B36.19
TUB-002-480001		TUBO; AC; A672 GR C55 CL 12; C/C; PC; B36.19
TUB-003-010000		TUBO PRFV; PLÁSTICO; PRFV DER 383; EP-100-21.00-606; PL; 125LB
TUB-003-015000		TUBO PRFV; PLÁSTICO; PRFV DER 383; EP-100-21.00-606; PL; 125LB
TUB-003-020000		TUBO PRFV; PLÁSTICO; PRFV DER 383; EP-100-21.00-606; PL; 125LB
TUB-003-030000		TUBO PRFV; PLÁSTICO; PRFV DER 383; EP-100-21.00-606; PL; 125LB
TUB-003-040000		TUBO PRFV; PLÁSTICO; PRFV DER 383; EP-100-21.00-606; PL; 125LB
TUB-003-060000		TUBO PRFV; PLÁSTICO; PRFV DER 383; EP-100-21.00-606; PL; 125LB
TUB-003-080000		TUBO PRFV; PLÁSTICO; PRFV DER 383; EP-100-21.00-606; PL; 125LB
TUB-003-100000		TUBO PRFV; PLÁSTICO; PRFV DER 383; EP-100-21.00-606; PL; 125LB
TUB-003-120000		TUBO PRFV; PLÁSTICO; PRFV DER 383; EP-100-21.00-606; PL; 125LB
TUB-003-140000		TUBO PRFV; PLÁSTICO; PRFV DER 383; EP-100-21.00-606; PL; 125LB
TUB-003-160000		TUBO PRFV; PLÁSTICO; PRFV DER 383; EP-100-21.00-606; PL; 125LB
TUB-003-180000		TUBO PRFV; PLÁSTICO; PRFV DER 383; EP-100-21.00-606; PL; 125LB
TUB-003-200000		TUBO PRFV; PLÁSTICO; PRFV DER 383; EP-100-21.00-606; PL; 125LB
TUB-003-240000		TUBO PRFV; PLÁSTICO; PRFV DER 383; EP-100-21.00-606; PL; 125LB
TUB-004-001004		TUBING; AI; A269 GR TP304; RECOZIDO; S/C; A269
TUB-004-002004		TUBING; AI; A269 GR TP304; RECOZIDO; S/C; A269
TUB-004-004004		TUBING; AI; A269 GR TP304; RECOZIDO; S/C; A269
TUB-004-004007		TUBING; AI; A269 GR TP304; RECOZIDO; S/C; A269
TUB-004-005024	Sch 5S	TUBING; AI; A269 GR TP304; RECOZIDO; S/C; A269
TUB-004-005033		TUBING; AI; A269 GR TP304; RECOZIDO; S/C; A269
TUB-004-005034		TUBING; AI; A269 GR TP304; RECOZIDO; S/C; A269
TUB-004-006028		TUBING; AI; A269 GR TP304; RECOZIDO; S/C; A269
TUB-004-006030		TUBING; AI; A269 GR TP304; RECOZIDO; S/C; A269
TUB-004-007041	Sch 5S	TUBING; AI; A269 GR TP304; RECOZIDO; S/C; A269
TUB-004-009001		TUBING; AI; A269 GR TP304; RECOZIDO; S/C; A269
TUB-004-010054	Sch 5S	TUBING; AI; A269 GR TP304; RECOZIDO; S/C; A269
TUB-005-002004		TUBING; AI; A269  GR TP316; RECOZIDO; S/C; A269
TUB-005-004005		TUBING; AI; A269  GR TP316; RECOZIDO; S/C; A269
TUB-005-005033		TUBING; AI; A269  GR TP316; RECOZIDO; S/C; A269
TUB-005-005034		TUBING; AI; A269  GR TP316; RECOZIDO; S/C; A269
TUB-005-006027		TUBING; AI; A269  GR TP316; RECOZIDO; S/C; A269
TUB-005-006030		TUBING; AI; A269  GR TP316; RECOZIDO; S/C; A269
TUB-005-007041	Sch 5S	TUBING; AI; A269  GR TP316; RECOZIDO; S/C; A269
TUB-006-140999		TUBO; AI; A358 GR 304 CL 1; C/C; PC; B36.19
TUB-006-160999		TUBO; AI; A358 GR 304 CL 1; C/C; PC; B36.19
TUB-006-180999		TUBO; AI; A358 GR 304 CL 1; C/C; PC; B36.19
TUB-007-010050	Sch 40	TUBO; AC; A333 GR 1; S/C; PC; PTFE; B36.10
TUB-007-015027	Sch 40	TUBO; AC; A333 GR 1; S/C; PC; PTFE; B36.10
TUB-007-020023	Sch 40	TUBO; AC; A333 GR 1; S/C; PC; PTFE; B36.10
TUB-007-030040	Sch 40	TUBO; AC; A333 GR 1; S/C; PC; PTFE; B36.10
TUB-007-040045	Sch 40	TUBO; AC; A333 GR 1; S/C; PC; PTFE; B36.10
TUB-008-030040	Sch 40	TUBO METÁLICO; AC; A106 GR B; S/C; PC; EBONITE; B36.10
TUB-008-040045	Sch 40	TUBO METÁLICO; AC; A106 GR B; S/C; PC; EBONITE; B36.10
TUB-008-060053	Sch 40	TUBO METÁLICO; AC; A106 GR B; S/C; PC; EBONITE; B36.10
TUB-008-080061	Sch 40	TUBO METÁLICO; AC; A106 GR B; S/C; PC; EBONITE; B36.10
TUB-008-100067	Sch 40	TUBO METÁLICO; AC; A106 GR B; S/C; PC; EBONITE; B36.10
TUB-008-120012		TUBO METÁLICO; AC; A106 GR B; S/C; PC; EBONITE; B36.10
TUB-008-140010	Sch 30	TUBO METÁLICO; AC; A106 GR B; S/C; PC; EBONITE; B36.10
TUB-009-015037	Sch 80	TUBO METÁLICO; AC; A106 GR B; S/C; PL; EBONITE; B36.10
TUB-009-020041	Sch 80	TUBO METÁLICO; AC; A106 GR B; S/C; PL; EBONITE; B36.10
TUB-010-160009	Sch 30	TUBO; AC; API 5L GR B PSL1; C/C; PC; EBONITE; B36.10
TUB-010-180006		TUBO; AC; API 5L GR B PSL1; C/C; PC; EBONITE; B36.10
TUB-010-200005	Sch 20	TUBO; AC; API 5L GR B PSL1; C/C; PC; EBONITE; B36.10
TUB-010-240004	Sch 20	TUBO; AC; API 5L GR B PSL1; C/C; PC; EBONITE; B36.10
TUB-011-600002		TUBO; AI; A358 GR 304 CL 1; C/C; PC; B36.19 / PADR. FABR.
TUB-013-260999		TUBO; AC; A671 GR CC 60 CL 32; C/C; PC; B36.10
TUB-013-300999		TUBO; AC; A671 GR CC 60 CL 32; C/C; PC; B36.10
TUB-017-120012	Sch 40S	TUBO; AL; A691 GR 1.1/4CR CL 22; C/C; PC; B36.10
TUB-017-140010	Sch 40S	TUBO; AL; A691 GR 1.1/4CR CL 22; C/C; PC; B36.10
TUB-017-160009	Sch 40S	TUBO; AL; A691 GR 1.1/4CR CL 22; C/C; PC; B36.10
TUB-017-160999		TUBO; AL; A691 GR 1.1/4CR CL 22; C/C; PC; B36.10
TUB-021-080044	Sch 80S	TUBO METÁLICO; AI; A358 GR 347 CL 1; C/C; PC; B36.19
TUB-021-100044	Sch 80S	TUBO METÁLICO; AI; A358 GR 347 CL 1; C/C; PC; B36.19
TUB-021-120999		TUBO METÁLICO; AI; A358 GR 347 CL 1; C/C; PC; B36.19
TUB-021-140999		TUBO METÁLICO; AI; A358 GR 347 CL 1; C/C; PC; B36.19
TUB-021-160999		TUBO METÁLICO; AI; A358 GR 347 CL 1; C/C; PC; B36.19
TUB-021-180999		TUBO METÁLICO; AI; A358 GR 347 CL 1; C/C; PC; B36.19
TUB-024-100013		TUBO METÁLICO; ALU; B209 TP 5052; S/C; PC; B36.19
TUB-024-120047	Sch 20	TUBO METÁLICO; ALU; B209 TP 5052; S/C; PC; B36.19
TUB-024-140047	Sch 10	TUBO METÁLICO; ALU; B209 TP 5052; S/C; PC; B36.19
TUB-024-160047	Sch 10	TUBO METÁLICO; ALU; B209 TP 5052; S/C; PC; B36.19
TUB-024-180047	Sch 10	TUBO METÁLICO; ALU; B209 TP 5052; S/C; PC; B36.19
TUB-025-001003		TUBO METÁLICO; AC; A106 GR B; S/C; PC; B36.10
TUB-025-005025	Sch 160	TUBO METÁLICO; AC; A106 GR B; S/C; PC; B36.10
TUB-025-005026	Sch 40	TUBO METÁLICO; AC; A106 GR B; S/C; PC; B36.10
TUB-025-005027	Sch 80	TUBO METÁLICO; AC; A106 GR B; S/C; PC; B36.10
TUB-025-005031		TUBO METÁLICO; AC; A106 GR B; S/C; PC; B36.10
TUB-025-007029	Sch 80	TUBO METÁLICO; AC; A106 GR B; S/C; PC; B36.10
TUB-025-007042	Sch 160	TUBO METÁLICO; AC; A106 GR B; S/C; PC; B36.10
TUB-025-007043	Sch 40	TUBO METÁLICO; AC; A106 GR B; S/C; PC; B36.10
TUB-025-007055		TUBO METÁLICO; AC; A106 GR B; S/C; PC; B36.10
TUB-025-010033	Sch 80	TUBO METÁLICO; AC; A106 GR B; S/C; PC; B36.10
TUB-025-010049	Sch 160	TUBO METÁLICO; AC; A106 GR B; S/C; PC; B36.10
TUB-025-010050	Sch 40	TUBO METÁLICO; AC; A106 GR B; S/C; PC; B36.10
TUB-025-010069		TUBO METÁLICO; AC; A106 GR B; S/C; PC; B36.10
TUB-025-015025	Sch 160	TUBO METÁLICO; AC; A106 GR B; S/C; PC; B36.10
TUB-025-015027	Sch 40	TUBO METÁLICO; AC; A106 GR B; S/C; PC; B36.10
TUB-025-015037	Sch 80	TUBO METÁLICO; AC; A106 GR B; S/C; PC; B36.10
TUB-025-015056		TUBO METÁLICO; AC; A106 GR B; S/C; PC; B36.10
TUB-025-020023	Sch 40	TUBO METÁLICO; AC; A106 GR B; S/C; PC; B36.10
TUB-025-020041	Sch 80	TUBO METÁLICO; AC; A106 GR B; S/C; PC; B36.10
TUB-025-020071	Sch 160	TUBO METÁLICO; AC; A106 GR B; S/C; PC; B36.10
TUB-025-020083		TUBO METÁLICO; AC; A106 GR B; S/C; PC; B36.10
TUB-025-025035		TUBO METÁLICO; AC; A106 GR B; S/C; PC; B36.10
TUB-025-030034	Sch 80	TUBO METÁLICO; AC; A106 GR B; S/C; PC; B36.10
TUB-025-030040	Sch 40	TUBO METÁLICO; AC; A106 GR B; S/C; PC; B36.10
TUB-025-030062	Sch 160	TUBO METÁLICO; AC; A106 GR B; S/C; PC; B36.10
TUB-025-030066		TUBO METÁLICO; AC; A106 GR B; S/C; PC; B36.10
TUB-025-030999		TUBO METÁLICO; AC; A106 GR B; S/C; PC; B36.10
TUB-025-040018	Sch 80	TUBO METÁLICO; AC; A106 GR B; S/C; PC; B36.10
TUB-025-040045	Sch 40	TUBO METÁLICO; AC; A106 GR B; S/C; PC; B36.10
TUB-025-040052	Sch 120	TUBO METÁLICO; AC; A106 GR B; S/C; PC; B36.10
TUB-025-040053	Sch 160	TUBO METÁLICO; AC; A106 GR B; S/C; PC; B36.10
TUB-025-040058		TUBO METÁLICO; AC; A106 GR B; S/C; PC; B36.10
TUB-025-040999		TUBO METÁLICO; AC; A106 GR B; S/C; PC; B36.10
TUB-025-060014	Sch 80	TUBO METÁLICO; AC; A106 GR B; S/C; PC; B36.10
TUB-025-060043	Sch 120	TUBO METÁLICO; AC; A106 GR B; S/C; PC; B36.10
TUB-025-060048	Sch 160	TUBO METÁLICO; AC; A106 GR B; S/C; PC; B36.10
TUB-025-060051		TUBO METÁLICO; AC; A106 GR B; S/C; PC; B36.10
TUB-025-060053	Sch 40	TUBO METÁLICO; AC; A106 GR B; S/C; PC; B36.10
TUB-025-060999		TUBO METÁLICO; AC; A106 GR B; S/C; PC; B36.10
TUB-025-080008	Sch 20	TUBO METÁLICO; AC; A106 GR B; S/C; PC; B36.10
TUB-025-080038	Sch 60	TUBO METÁLICO; AC; A106 GR B; S/C; PC; B36.10
TUB-025-080041	Sch 30	TUBO METÁLICO; AC; A106 GR B; S/C; PC; B36.10
TUB-025-080044	Sch 80	TUBO METÁLICO; AC; A106 GR B; S/C; PC; B36.10
TUB-025-080061	Sch 40	TUBO METÁLICO; AC; A106 GR B; S/C; PC; B36.10
TUB-025-080062	Sch 140	TUBO METÁLICO; AC; A106 GR B; S/C; PC; B36.10
TUB-025-080063	Sch 160	TUBO METÁLICO; AC; A106 GR B; S/C; PC; B36.10
TUB-025-080999		TUBO METÁLICO; AC; A106 GR B; S/C; PC; B36.10
TUB-025-100009	Sch 20	TUBO METÁLICO; AC; A106 GR B; S/C; PC; B36.10
TUB-025-100044	Sch 60	TUBO METÁLICO; AC; A106 GR B; S/C; PC; B36.10
TUB-025-100048	Sch 30	TUBO METÁLICO; AC; A106 GR B; S/C; PC; B36.10
TUB-025-100055	Sch 80	TUBO METÁLICO; AC; A106 GR B; S/C; PC; B36.10
TUB-025-100067	Sch 40	TUBO METÁLICO; AC; A106 GR B; S/C; PC; B36.10
TUB-025-100076	Sch 140	TUBO METÁLICO; AC; A106 GR B; S/C; PC; B36.10
TUB-025-100077	Sch 160	TUBO METÁLICO; AC; A106 GR B; S/C; PC; B36.10
TUB-025-100999		TUBO METÁLICO; AC; A106 GR B; S/C; PC; B36.10
TUB-025-120012		TUBO METÁLICO; AC; A106 GR B; S/C; PC; B36.10
TUB-025-120025	Sch 40	TUBO METÁLICO; AC; A106 GR B; S/C; PC; B36.10
TUB-025-120047	Sch 20	TUBO METÁLICO; AC; A106 GR B; S/C; PC; B36.10
TUB-025-120051	Sch 30	TUBO METÁLICO; AC; A106 GR B; S/C; PC; B36.10
TUB-025-120059		TUBO METÁLICO; AC; A106 GR B; S/C; PC; B36.10
TUB-025-120070	Sch 80	TUBO METÁLICO; AC; A106 GR B; S/C; PC; B36.10
TUB-025-120078	Sch 60	TUBO METÁLICO; AC; A106 GR B; S/C; PC; B36.10
TUB-025-120096	Sch 160	TUBO METÁLICO; AC; A106 GR B; S/C; PC; B36.10
TUB-025-120999		TUBO METÁLICO; AC; A106 GR B; S/C; PC; B36.10
TUB-025-140010	Sch 30	TUBO METÁLICO; AC; A106 GR B; S/C; PC; B36.10
TUB-025-140013	Sch 20	TUBO METÁLICO; AC; A106 GR B; S/C; PC; B36.10
TUB-025-140031	Sch 40	TUBO METÁLICO; AC; A106 GR B; S/C; PC; B36.10
TUB-025-140047	Sch 10	TUBO METÁLICO; AC; A106 GR B; S/C; PC; B36.10
TUB-025-140070		TUBO METÁLICO; AC; A106 GR B; S/C; PC; B36.10
TUB-025-140084	Sch 80	TUBO METÁLICO; AC; A106 GR B; S/C; PC; B36.10
TUB-025-140089	Sch 60	TUBO METÁLICO; AC; A106 GR B; S/C; PC; B36.10
TUB-025-140104	Sch 160	TUBO METÁLICO; AC; A106 GR B; S/C; PC; B36.10
TUB-025-140999		TUBO METÁLICO; AC; A106 GR B; S/C; PC; B36.10
TUB-025-160009	Sch 30	TUBO METÁLICO; AC; A106 GR B; S/C; PC; B36.10
TUB-025-160047	Sch 10	TUBO METÁLICO; AC; A106 GR B; S/C; PC; B36.10
TUB-025-160085	Sch 80	TUBO METÁLICO; AC; A106 GR B; S/C; PC; B36.10
TUB-025-160090	Sch 60	TUBO METÁLICO; AC; A106 GR B; S/C; PC; B36.10
TUB-025-160100	Sch 160	TUBO METÁLICO; AC; A106 GR B; S/C; PC; B36.10
TUB-025-160999		TUBO METÁLICO; AC; A106 GR B; S/C; PC; B36.10
TUB-025-180006		TUBO METÁLICO; AC; A106 GR B; S/C; PC; B36.10
TUB-025-180047	Sch 10	TUBO METÁLICO; AC; A106 GR B; S/C; PC; B36.10
TUB-025-180083	Sch 80	TUBO METÁLICO; AC; A106 GR B; S/C; PC; B36.10
TUB-025-180088	Sch 60	TUBO METÁLICO; AC; A106 GR B; S/C; PC; B36.10
TUB-025-180102	Sch 160	TUBO METÁLICO; AC; A106 GR B; S/C; PC; B36.10
TUB-025-180999		TUBO METÁLICO; AC; A106 GR B; S/C; PC; B36.10
TUB-025-200047	Sch 10	TUBO METÁLICO; AC; A106 GR B; S/C; PC; B36.10
TUB-025-200088	Sch 80	TUBO METÁLICO; AC; A106 GR B; S/C; PC; B36.10
TUB-025-200115	Sch 160	TUBO METÁLICO; AC; A106 GR B; S/C; PC; B36.10
TUB-025-200999		TUBO METÁLICO; AC; A106 GR B; S/C; PC; B36.10
TUB-025-220009	Sch 20	TUBO METÁLICO; AC; A106 GR B; S/C; PC; B36.10
TUB-025-240004	Sch 20	TUBO METÁLICO; AC; A106 GR B; S/C; PC; B36.10
TUB-025-240078	Sch 80	TUBO METÁLICO; AC; A106 GR B; S/C; PC; B36.10
TUB-025-240099	Sch 160	TUBO METÁLICO; AC; A106 GR B; S/C; PC; B36.10
TUB-025-240999		TUBO METÁLICO; AC; A106 GR B; S/C; PC; B36.10
TUB-026-030040	Sch 40	TUBO; AC; API 5L GR B PSL1; C/C; PC; B36.10
TUB-026-040045	Sch 40	TUBO; AC; API 5L GR B PSL1; C/C; PC; B36.10
TUB-026-060053	Sch 40	TUBO; AC; API 5L GR B PSL1; C/C; PC; B36.10
TUB-026-080044	Sch 80	TUBO; AC; API 5L GR B PSL1; C/C; PC; B36.10
TUB-026-080061	Sch 40	TUBO; AC; API 5L GR B PSL1; C/C; PC; B36.10
TUB-026-100055	Sch 80	TUBO; AC; API 5L GR B PSL1; C/C; PC; B36.10
TUB-026-100067	Sch 40	TUBO; AC; API 5L GR B PSL1; C/C; PC; B36.10
TUB-026-120012		TUBO; AC; API 5L GR B PSL1; C/C; PC; B36.10
TUB-026-120070	Sch 80	TUBO; AC; API 5L GR B PSL1; C/C; PC; B36.10
TUB-026-120078	Sch 60	TUBO; AC; API 5L GR B PSL1; C/C; PC; B36.10
TUB-026-140010	Sch 30	TUBO; AC; API 5L GR B PSL1; C/C; PC; B36.10
TUB-026-140084	Sch 80	TUBO; AC; API 5L GR B PSL1; C/C; PC; B36.10
TUB-026-140089	Sch 60	TUBO; AC; API 5L GR B PSL1; C/C; PC; B36.10
TUB-026-160009	Sch 30	TUBO; AC; API 5L GR B PSL1; C/C; PC; B36.10
TUB-026-160030	Sch 40	TUBO; AC; API 5L GR B PSL1; C/C; PC; B36.10
TUB-026-160047	Sch 10	TUBO; AC; API 5L GR B PSL1; C/C; PC; B36.10
TUB-026-160085	Sch 80	TUBO; AC; API 5L GR B PSL1; C/C; PC; B36.10
TUB-026-160090	Sch 60	TUBO; AC; API 5L GR B PSL1; C/C; PC; B36.10
TUB-026-160999		TUBO; AC; API 5L GR B PSL1; C/C; PC; B36.10
TUB-026-180006		TUBO; AC; API 5L GR B PSL1; C/C; PC; B36.10
TUB-026-180047	Sch 10	TUBO; AC; API 5L GR B PSL1; C/C; PC; B36.10
TUB-026-180049		TUBO; AC; API 5L GR B PSL1; C/C; PC; B36.10
TUB-026-180054	Sch 30	TUBO; AC; API 5L GR B PSL1; C/C; PC; B36.10
TUB-026-180061	Sch 40	TUBO; AC; API 5L GR B PSL1; C/C; PC; B36.10
TUB-026-180083	Sch 80	TUBO; AC; API 5L GR B PSL1; C/C; PC; B36.10
TUB-026-180088	Sch 60	TUBO; AC; API 5L GR B PSL1; C/C; PC; B36.10
TUB-026-180999		TUBO; AC; API 5L GR B PSL1; C/C; PC; B36.10
TUB-026-200005	Sch 20	TUBO; AC; API 5L GR B PSL1; C/C; PC; B36.10
TUB-026-200047	Sch 10	TUBO; AC; API 5L GR B PSL1; C/C; PC; B36.10
TUB-026-200049	Sch 30	TUBO; AC; API 5L GR B PSL1; C/C; PC; B36.10
TUB-026-200057	Sch 40	TUBO; AC; API 5L GR B PSL1; C/C; PC; B36.10
TUB-026-200074		TUBO; AC; API 5L GR B PSL1; C/C; PC; B36.10
TUB-026-200088	Sch 80	TUBO; AC; API 5L GR B PSL1; C/C; PC; B36.10
TUB-026-200093	Sch 60	TUBO; AC; API 5L GR B PSL1; C/C; PC; B36.10
TUB-026-200999		TUBO; AC; API 5L GR B PSL1; C/C; PC; B36.10
TUB-026-220014	Sch 30	TUBO; AC; API 5L GR B PSL1; C/C; PC; B36.10
TUB-026-240004	Sch 20	TUBO; AC; API 5L GR B PSL1; C/C; PC; B36.10
TUB-026-240040	Sch 40	TUBO; AC; API 5L GR B PSL1; C/C; PC; B36.10
TUB-026-240047	Sch 10	TUBO; AC; API 5L GR B PSL1; C/C; PC; B36.10
TUB-026-240062		TUBO; AC; API 5L GR B PSL1; C/C; PC; B36.10
TUB-026-240078	Sch 80	TUBO; AC; API 5L GR B PSL1; C/C; PC; B36.10
TUB-026-240082	Sch 60	TUBO; AC; API 5L GR B PSL1; C/C; PC; B36.10
TUB-026-240999		TUBO; AC; API 5L GR B PSL1; C/C; PC; B36.10
TUB-026-260002		TUBO; AC; API 5L GR B PSL1; C/C; PC; B36.10
TUB-026-260006		TUBO; AC; API 5L GR B PSL1; C/C; PC; B36.10
TUB-026-260999		TUBO; AC; API 5L GR B PSL1; C/C; PC; B36.10
TUB-026-300001	Sch 10	TUBO; AC; API 5L GR B PSL1; C/C; PC; B36.10
TUB-026-300005		TUBO; AC; API 5L GR B PSL1; C/C; PC; B36.10
TUB-026-300033	Sch 20	TUBO; AC; API 5L GR B PSL1; C/C; PC; B36.10
TUB-026-300999		TUBO; AC; API 5L GR B PSL1; C/C; PC; B36.10
TUB-026-320001		TUBO; AC; API 5L GR B PSL1; C/C; PC; B36.10
TUB-026-320999		TUBO; AC; API 5L GR B PSL1; C/C; PC; B36.10
TUB-026-360001		TUBO; AC; API 5L GR B PSL1; C/C; PC; B36.10
TUB-026-360016		TUBO; AC; API 5L GR B PSL1; C/C; PC; B36.10
TUB-026-360019		TUBO; AC; API 5L GR B PSL1; C/C; PC; B36.10
TUB-026-360999		TUBO; AC; API 5L GR B PSL1; C/C; PC; B36.10
TUB-026-380001		TUBO; AC; API 5L GR B PSL1; C/C; PC; B36.10
TUB-026-400999		TUBO; AC; API 5L GR B PSL1; C/C; PC; B36.10
TUB-026-420001		TUBO; AC; API 5L GR B PSL1; C/C; PC; B36.10
TUB-026-420011		TUBO; AC; API 5L GR B PSL1; C/C; PC; B36.10
TUB-026-420999		TUBO; AC; API 5L GR B PSL1; C/C; PC; B36.10
TUB-026-480001		TUBO; AC; API 5L GR B PSL1; C/C; PC; B36.10
TUB-026-480999		TUBO; AC; API 5L GR B PSL1; C/C; PC; B36.10
TUB-026-520001		TUBO; AC; API 5L GR B PSL1; C/C; PC; B36.10
TUB-027-140010	Sch 40S	TUBO; AI; A358 GR 304 CL 2; C/C; PC; B36.19
TUB-027-140037	Sch 10S	TUBO; AI; A358 GR 304 CL 2; C/C; PC; B36.19
TUB-027-160009	Sch 40S	TUBO; AI; A358 GR 304 CL 2; C/C; PC; B36.19
TUB-027-160030	Sch 80S	TUBO; AI; A358 GR 304 CL 2; C/C; PC; B36.19
TUB-027-160041	Sch 10S	TUBO; AI; A358 GR 304 CL 2; C/C; PC; B36.19
TUB-027-180006	Sch 40S	TUBO; AI; A358 GR 304 CL 2; C/C; PC; B36.19
TUB-027-180032	Sch 10S	TUBO; AI; A358 GR 304 CL 2; C/C; PC; B36.19
TUB-027-180049	Sch 80S	TUBO; AI; A358 GR 304 CL 2; C/C; PC; B36.19
TUB-027-200005	Sch 40S	TUBO; AI; A358 GR 304 CL 2; C/C; PC; B36.19
TUB-027-200034	Sch 10S	TUBO; AI; A358 GR 304 CL 2; C/C; PC; B36.19
TUB-027-200049	Sch 80S	TUBO; AI; A358 GR 304 CL 2; C/C; PC; B36.19
TUB-027-240004	Sch 40S	TUBO; AI; A358 GR 304 CL 2; C/C; PC; B36.19
TUB-027-240047	Sch 10S	TUBO; AI; A358 GR 304 CL 2; C/C; PC; B36.19
TUB-027-240062	Sch 80S	TUBO; AI; A358 GR 304 CL 2; C/C; PC; B36.19
TUB-028-030040	Sch 40	TUBO METÁLICO; AC; A106 GR B; S/C; PC; POLIET; B36.10
TUB-028-040045	Sch 40	TUBO METÁLICO; AC; A106 GR B; S/C; PC; POLIET; B36.10
TUB-028-060053	Sch 40	TUBO METÁLICO; AC; A106 GR B; S/C; PC; POLIET; B36.10
TUB-028-080061	Sch 40	TUBO METÁLICO; AC; A106 GR B; S/C; PC; POLIET; B36.10
TUB-028-100067	Sch 40	TUBO METÁLICO; AC; A106 GR B; S/C; PC; POLIET; B36.10
TUB-029-140010	Sch 40S	TUBO; AI; A358 GR 304H CL 1; C/C; PC; B36.19
TUB-029-160009	Sch 40S	TUBO; AI; A358 GR 304H CL 1; C/C; PC; B36.19
TUB-029-180006	Sch 40S	TUBO; AI; A358 GR 304H CL 1; C/C; PC; B36.19
TUB-029-200005	Sch 40S	TUBO; AI; A358 GR 304H CL 1; C/C; PC; B36.19
TUB-029-220014		TUBO; AI; A358 GR 304H CL 1; C/C; PC; B36.19
TUB-029-240062	Sch 80S	TUBO; AI; A358 GR 304H CL 1; C/C; PC; B36.19
TUB-029-260999		TUBO; AI; A358 GR 304H CL 1; C/C; PC; B36.19
TUB-029-300999		TUBO; AI; A358 GR 304H CL 1; C/C; PC; B36.19
TUB-030-140013	Sch 20	TUBO METÁLICO; AI; A358 GR 321 (MÁX. 0,04% C); C/C; PC; B36.19
TUB-030-160012	Sch 20	TUBO METÁLICO; AI; A358 GR 321 (MÁX. 0,04% C); C/C; PC; B36.19
TUB-030-180011	Sch 20	TUBO METÁLICO; AI; A358 GR 321 (MÁX. 0,04% C); C/C; PC; B36.19
TUB-030-200005	Sch 40S	TUBO METÁLICO; AI; A358 GR 321 (MÁX. 0,04% C); C/C; PC; B36.19
TUB-030-220009		TUBO METÁLICO; AI; A358 GR 321 (MÁX. 0,04% C); C/C; PC; B36.19
TUB-030-240062	Sch 80S	TUBO METÁLICO; AI; A358 GR 321 (MÁX. 0,04% C); C/C; PC; B36.19
TUB-030-260036		TUBO METÁLICO; AI; A358 GR 321 (MÁX. 0,04% C); C/C; PC; B36.19
TUB-030-300033		TUBO METÁLICO; AI; A358 GR 321 (MÁX. 0,04% C); C/C; PC; B36.19
TUB-030-320999		TUBO METÁLICO; AI; A358 GR 321 (MÁX. 0,04% C); C/C; PC; B36.19
TUB-030-360999		TUBO METÁLICO; AI; A358 GR 321 (MÁX. 0,04% C); C/C; PC; B36.19
TUB-033-120025	Sch 40	TUBO; AC; A672 GR B60 CL 22; C/C; PC; B36.10
TUB-033-120047	Sch 20	TUBO; AC; A672 GR B60 CL 22; C/C; PC; B36.10
TUB-033-120999		TUBO; AC; A672 GR B60 CL 22; C/C; PC; B36.10
TUB-033-140010	Sch 30	TUBO; AC; A672 GR B60 CL 22; C/C; PC; B36.10
TUB-033-140013	Sch 20	TUBO; AC; A672 GR B60 CL 22; C/C; PC; B36.10
TUB-033-140031	Sch 40	TUBO; AC; A672 GR B60 CL 22; C/C; PC; B36.10
TUB-033-140047	Sch 10	TUBO; AC; A672 GR B60 CL 22; C/C; PC; B36.10
TUB-033-140999		TUBO; AC; A672 GR B60 CL 22; C/C; PC; B36.10
TUB-033-160009	Sch 30	TUBO; AC; A672 GR B60 CL 22; C/C; PC; B36.10
TUB-033-160012	Sch 20	TUBO; AC; A672 GR B60 CL 22; C/C; PC; B36.10
TUB-033-160030	Sch 40	TUBO; AC; A672 GR B60 CL 22; C/C; PC; B36.10
TUB-033-160047	Sch 10	TUBO; AC; A672 GR B60 CL 22; C/C; PC; B36.10
TUB-033-160072		TUBO; AC; A672 GR B60 CL 22; C/C; PC; B36.10
TUB-033-160085	Sch 80	TUBO; AC; A672 GR B60 CL 22; C/C; PC; B36.10
TUB-033-160095		TUBO; AC; A672 GR B60 CL 22; C/C; PC; B36.10
TUB-033-160999		TUBO; AC; A672 GR B60 CL 22; C/C; PC; B36.10
TUB-033-180006		TUBO; AC; A672 GR B60 CL 22; C/C; PC; B36.10
TUB-033-180011	Sch 20	TUBO; AC; A672 GR B60 CL 22; C/C; PC; B36.10
TUB-033-180047	Sch 10	TUBO; AC; A672 GR B60 CL 22; C/C; PC; B36.10
TUB-033-180049		TUBO; AC; A672 GR B60 CL 22; C/C; PC; B36.10
TUB-033-180054	Sch 30	TUBO; AC; A672 GR B60 CL 22; C/C; PC; B36.10
TUB-033-180066		TUBO; AC; A672 GR B60 CL 22; C/C; PC; B36.10
TUB-033-180083	Sch 80	TUBO; AC; A672 GR B60 CL 22; C/C; PC; B36.10
TUB-033-180093		TUBO; AC; A672 GR B60 CL 22; C/C; PC; B36.10
TUB-033-180999		TUBO; AC; A672 GR B60 CL 22; C/C; PC; B36.10
TUB-033-200005	Sch 20	TUBO; AC; A672 GR B60 CL 22; C/C; PC; B36.10
TUB-033-200047	Sch 10	TUBO; AC; A672 GR B60 CL 22; C/C; PC; B36.10
TUB-033-200049	Sch 30	TUBO; AC; A672 GR B60 CL 22; C/C; PC; B36.10
TUB-033-200057	Sch 40	TUBO; AC; A672 GR B60 CL 22; C/C; PC; B36.10
TUB-033-200069		TUBO; AC; A672 GR B60 CL 22; C/C; PC; B36.10
TUB-033-200088	Sch 80	TUBO; AC; A672 GR B60 CL 22; C/C; PC; B36.10
TUB-033-200093	Sch 60	TUBO; AC; A672 GR B60 CL 22; C/C; PC; B36.10
TUB-033-200098		TUBO; AC; A672 GR B60 CL 22; C/C; PC; B36.10
TUB-033-200999		TUBO; AC; A672 GR B60 CL 22; C/C; PC; B36.10
TUB-033-240004	Sch 20	TUBO; AC; A672 GR B60 CL 22; C/C; PC; B36.10
TUB-033-240040	Sch 40	TUBO; AC; A672 GR B60 CL 22; C/C; PC; B36.10
TUB-033-240047	Sch 10	TUBO; AC; A672 GR B60 CL 22; C/C; PC; B36.10
TUB-033-240052	Sch 30	TUBO; AC; A672 GR B60 CL 22; C/C; PC; B36.10
TUB-033-240082	Sch 60	TUBO; AC; A672 GR B60 CL 22; C/C; PC; B36.10
TUB-033-240086		TUBO; AC; A672 GR B60 CL 22; C/C; PC; B36.10
TUB-033-240999		TUBO; AC; A672 GR B60 CL 22; C/C; PC; B36.10
TUB-033-260006		TUBO; AC; A672 GR B60 CL 22; C/C; PC; B36.10
TUB-033-260032		TUBO; AC; A672 GR B60 CL 22; C/C; PC; B36.10
TUB-033-260999		TUBO; AC; A672 GR B60 CL 22; C/C; PC; B36.10
TUB-033-280002		TUBO; AC; A672 GR B60 CL 22; C/C; PC; B36.10
TUB-033-280012		TUBO; AC; A672 GR B60 CL 22; C/C; PC; B36.10
TUB-033-300005		TUBO; AC; A672 GR B60 CL 22; C/C; PC; B36.10
TUB-033-300046		TUBO; AC; A672 GR B60 CL 22; C/C; PC; B36.10
TUB-033-300053		TUBO; AC; A672 GR B60 CL 22; C/C; PC; B36.10
TUB-033-300999		TUBO; AC; A672 GR B60 CL 22; C/C; PC; B36.10
TUB-033-360999		TUBO; AC; A672 GR B60 CL 22; C/C; PC; B36.10
TUB-033-400999		TUBO; AC; A672 GR B60 CL 22; C/C; PC; B36.10
TUB-033-420999		TUBO; AC; A672 GR B60 CL 22; C/C; PC; B36.10
TUB-033-480999		TUBO; AC; A672 GR B60 CL 22; C/C; PC; B36.10
TUB-033-540999		TUBO; AC; A672 GR B60 CL 22; C/C; PC; B36.10
TUB-033-600999		TUBO; AC; A672 GR B60 CL 22; C/C; PC; B36.10
TUB-034-010033	Sch 80S	TUBO METÁLICO; AL; A335 GR P11; S/C; PC; B36.10
TUB-034-010050	Sch 40S	TUBO METÁLICO; AL; A335 GR P11; S/C; PC; B36.10
TUB-034-015027	Sch 40S	TUBO METÁLICO; AL; A335 GR P11; S/C; PC; B36.10
TUB-034-015037	Sch 80S	TUBO METÁLICO; AL; A335 GR P11; S/C; PC; B36.10
TUB-034-020023	Sch 40S	TUBO METÁLICO; AL; A335 GR P11; S/C; PC; B36.10
TUB-034-020041	Sch 80S	TUBO METÁLICO; AL; A335 GR P11; S/C; PC; B36.10
TUB-034-020071	Sch 160	TUBO METÁLICO; AL; A335 GR P11; S/C; PC; B36.10
TUB-034-030034	Sch 80S	TUBO METÁLICO; AL; A335 GR P11; S/C; PC; B36.10
TUB-034-030040	Sch 40S	TUBO METÁLICO; AL; A335 GR P11; S/C; PC; B36.10
TUB-034-030062	Sch 160	TUBO METÁLICO; AL; A335 GR P11; S/C; PC; B36.10
TUB-034-030066		TUBO METÁLICO; AL; A335 GR P11; S/C; PC; B36.10
TUB-034-040018	Sch 80S	TUBO METÁLICO; AL; A335 GR P11; S/C; PC; B36.10
TUB-034-040045	Sch 40S	TUBO METÁLICO; AL; A335 GR P11; S/C; PC; B36.10
TUB-034-040052	Sch 120	TUBO METÁLICO; AL; A335 GR P11; S/C; PC; B36.10
TUB-034-040058		TUBO METÁLICO; AL; A335 GR P11; S/C; PC; B36.10
TUB-034-060014	Sch 80S	TUBO METÁLICO; AL; A335 GR P11; S/C; PC; B36.10
TUB-034-060043	Sch 120	TUBO METÁLICO; AL; A335 GR P11; S/C; PC; B36.10
TUB-034-060051		TUBO METÁLICO; AL; A335 GR P11; S/C; PC; B36.10
TUB-034-060053	Sch 40S	TUBO METÁLICO; AL; A335 GR P11; S/C; PC; B36.10
TUB-034-080008	Sch 20	TUBO METÁLICO; AL; A335 GR P11; S/C; PC; B36.10
TUB-034-080044	Sch 80S	TUBO METÁLICO; AL; A335 GR P11; S/C; PC; B36.10
TUB-034-080057	Sch 120	TUBO METÁLICO; AL; A335 GR P11; S/C; PC; B36.10
TUB-034-080061	Sch 40S	TUBO METÁLICO; AL; A335 GR P11; S/C; PC; B36.10
TUB-034-080999		TUBO METÁLICO; AL; A335 GR P11; S/C; PC; B36.10
TUB-034-100009	Sch 20	TUBO METÁLICO; AL; A335 GR P11; S/C; PC; B36.10
TUB-034-100055	Sch 80	TUBO METÁLICO; AL; A335 GR P11; S/C; PC; B36.10
TUB-034-100067	Sch 40S	TUBO METÁLICO; AL; A335 GR P11; S/C; PC; B36.10
TUB-034-100071	Sch 120	TUBO METÁLICO; AL; A335 GR P11; S/C; PC; B36.10
TUB-034-100999		TUBO METÁLICO; AL; A335 GR P11; S/C; PC; B36.10
TUB-034-120012	Sch 40S	TUBO METÁLICO; AL; A335 GR P11; S/C; PC; B36.10
TUB-034-120025	Sch 40	TUBO METÁLICO; AL; A335 GR P11; S/C; PC; B36.10
TUB-034-120047	Sch 20	TUBO METÁLICO; AL; A335 GR P11; S/C; PC; B36.10
TUB-034-120070	Sch 80	TUBO METÁLICO; AL; A335 GR P11; S/C; PC; B36.10
TUB-034-120090		TUBO METÁLICO; AL; A335 GR P11; S/C; PC; B36.10
TUB-034-120999		TUBO METÁLICO; AL; A335 GR P11; S/C; PC; B36.10
TUB-034-140010	Sch 40S	TUBO METÁLICO; AL; A335 GR P11; S/C; PC; B36.10
TUB-034-140031	Sch 40	TUBO METÁLICO; AL; A335 GR P11; S/C; PC; B36.10
TUB-034-140047	Sch 10	TUBO METÁLICO; AL; A335 GR P11; S/C; PC; B36.10
TUB-034-140084	Sch 80	TUBO METÁLICO; AL; A335 GR P11; S/C; PC; B36.10
TUB-034-140999		TUBO METÁLICO; AL; A335 GR P11; S/C; PC; B36.10
TUB-034-160009	Sch 40S	TUBO METÁLICO; AL; A335 GR P11; S/C; PC; B36.10
TUB-034-160030	Sch 80S	TUBO METÁLICO; AL; A335 GR P11; S/C; PC; B36.10
TUB-034-160047	Sch 10	TUBO METÁLICO; AL; A335 GR P11; S/C; PC; B36.10
TUB-034-160085	Sch 80	TUBO METÁLICO; AL; A335 GR P11; S/C; PC; B36.10
TUB-034-180006	Sch 40S	TUBO METÁLICO; AL; A335 GR P11; S/C; PC; B36.10
TUB-034-180047	Sch 10	TUBO METÁLICO; AL; A335 GR P11; S/C; PC; B36.10
TUB-034-180061	Sch 40	TUBO METÁLICO; AL; A335 GR P11; S/C; PC; B36.10
TUB-034-180083	Sch 80	TUBO METÁLICO; AL; A335 GR P11; S/C; PC; B36.10
TUB-034-180999		TUBO METÁLICO; AL; A335 GR P11; S/C; PC; B36.10
TUB-034-200005	Sch 40S	TUBO METÁLICO; AL; A335 GR P11; S/C; PC; B36.10
TUB-034-200047	Sch 10	TUBO METÁLICO; AL; A335 GR P11; S/C; PC; B36.10
TUB-034-200057	Sch 40	TUBO METÁLICO; AL; A335 GR P11; S/C; PC; B36.10
TUB-034-200088	Sch 80	TUBO METÁLICO; AL; A335 GR P11; S/C; PC; B36.10
TUB-034-200999		TUBO METÁLICO; AL; A335 GR P11; S/C; PC; B36.10
TUB-034-220014		TUBO METÁLICO; AL; A335 GR P11; S/C; PC; B36.10
TUB-034-240004	Sch 40S	TUBO METÁLICO; AL; A335 GR P11; S/C; PC; B36.10
TUB-034-240040	Sch 40	TUBO METÁLICO; AL; A335 GR P11; S/C; PC; B36.10
TUB-034-240047	Sch 10S	TUBO METÁLICO; AL; A335 GR P11; S/C; PC; B36.10
TUB-034-240052	Sch 30	TUBO METÁLICO; AL; A335 GR P11; S/C; PC; B36.10
TUB-034-240078	Sch 80	TUBO METÁLICO; AL; A335 GR P11; S/C; PC; B36.10
TUB-034-240999		TUBO METÁLICO; AL; A335 GR P11; S/C; PC; B36.10
TUB-035-020023	Sch 40S	TUBO METÁLICO; AL; A335 GR P22; S/C; PC; B36.10
TUB-035-030040	Sch 40S	TUBO METÁLICO; AL; A335 GR P22; S/C; PC; B36.10
TUB-035-030066		TUBO METÁLICO; AL; A335 GR P22; S/C; PC; B36.10
TUB-035-030999		TUBO METÁLICO; AL; A335 GR P22; S/C; PC; B36.10
TUB-035-040045	Sch 40S	TUBO METÁLICO; AL; A335 GR P22; S/C; PC; B36.10
TUB-035-040063		TUBO METÁLICO; AL; A335 GR P22; S/C; PC; B36.10
TUB-035-040999		TUBO METÁLICO; AL; A335 GR P22; S/C; PC; B36.10
TUB-035-060053	Sch 40S	TUBO METÁLICO; AL; A335 GR P22; S/C; PC; B36.10
TUB-035-060056		TUBO METÁLICO; AL; A335 GR P22; S/C; PC; B36.10
TUB-035-060999		TUBO METÁLICO; AL; A335 GR P22; S/C; PC; B36.10
TUB-035-080061	Sch 40S	TUBO METÁLICO; AL; A335 GR P22; S/C; PC; B36.10
TUB-035-080066		TUBO METÁLICO; AL; A335 GR P22; S/C; PC; B36.10
TUB-035-080999		TUBO METÁLICO; AL; A335 GR P22; S/C; PC; B36.10
TUB-035-100067	Sch 40S	TUBO METÁLICO; AL; A335 GR P22; S/C; PC; B36.10
TUB-035-100081		TUBO METÁLICO; AL; A335 GR P22; S/C; PC; B36.10
TUB-035-100999		TUBO METÁLICO; AL; A335 GR P22; S/C; PC; B36.10
TUB-035-120012	Sch 40S	TUBO METÁLICO; AL; A335 GR P22; S/C; PC; B36.10
TUB-035-120102		TUBO METÁLICO; AL; A335 GR P22; S/C; PC; B36.10
TUB-035-140010	Sch 40S	TUBO METÁLICO; AL; A335 GR P22; S/C; PC; B36.10
TUB-035-140110		TUBO METÁLICO; AL; A335 GR P22; S/C; PC; B36.10
TUB-035-160030	Sch 80S	TUBO METÁLICO; AL; A335 GR P22; S/C; PC; B36.10
TUB-035-160105		TUBO METÁLICO; AL; A335 GR P22; S/C; PC; B36.10
TUB-035-180049	Sch 80S	TUBO METÁLICO; AL; A335 GR P22; S/C; PC; B36.10
TUB-035-180107		TUBO METÁLICO; AL; A335 GR P22; S/C; PC; B36.10
TUB-035-200049	Sch 80S	TUBO METÁLICO; AL; A335 GR P22; S/C; PC; B36.10
TUB-035-200120		TUBO METÁLICO; AL; A335 GR P22; S/C; PC; B36.10
TUB-035-240040	Sch 40	TUBO METÁLICO; AL; A335 GR P22; S/C; PC; B36.10
TUB-036-M01600		TUBO NÃO METÁLICO; PLÁSTICO; PP-H; PL; DIN 8077/78; SDR 7,4; PN16
TUB-036-M02000		TUBO NÃO METÁLICO; PLÁSTICO; PP-H; PL; DIN 8077/78; SDR 7,4; PN16
TUB-036-M02500		TUBO NÃO METÁLICO; PLÁSTICO; PP-H; PL; DIN 8077/78; SDR 7,4; PN16
TUB-037-060052		TUBO; AC; A106 GR B; S/C; PC; B36.10
TUB-037-080999		TUBO; AC; A106 GR B; S/C; PC; B36.10
TUB-038-M01600		TUBO NÃO METÁLICO; PLÁSTICO; PP-H; PL; DIN 8077/78/EN 15494; SDR 11; PN10
TUB-038-M02000		TUBO NÃO METÁLICO; PLÁSTICO; PP-H; PL; DIN 8077/78/EN 15494; SDR 11; PN10
TUB-038-M02500		TUBO NÃO METÁLICO; PLÁSTICO; PP-H; PL; DIN 8077/78/EN 15494; SDR 11; PN10
TUB-038-M03200		TUBO NÃO METÁLICO; PLÁSTICO; PP-H; PL; DIN 8077/78/EN 15494; SDR 11; PN10
TUB-038-M04000		TUBO NÃO METÁLICO; PLÁSTICO; PP-H; PL; DIN 8077/78/EN 15494; SDR 11; PN10
TUB-038-M05000		TUBO NÃO METÁLICO; PLÁSTICO; PP-H; PL; DIN 8077/78/EN 15494; SDR 11; PN10
TUB-038-M06300		TUBO NÃO METÁLICO; PLÁSTICO; PP-H; PL; DIN 8077/78/EN 15494; SDR 11; PN10
TUB-038-M07500		TUBO NÃO METÁLICO; PLÁSTICO; PP-H; PL; DIN 8077/78/EN 15494; SDR 11; PN10
TUB-038-M09000		TUBO NÃO METÁLICO; PLÁSTICO; PP-H; PL; DIN 8077/78/EN 15494; SDR 11; PN10
TUB-038-M10000		TUBO NÃO METÁLICO; PLÁSTICO; PP-H; PL; DIN 8077/78/EN 15494; SDR 11; PN10
TUB-038-M11000		TUBO NÃO METÁLICO; PLÁSTICO; PP-H; PL; DIN 8077/78/EN 15494; SDR 11; PN10
TUB-038-M12500		TUBO NÃO METÁLICO; PLÁSTICO; PP-H; PL; DIN 8077/78/EN 15494; SDR 11; PN10
TUB-038-M14000		TUBO NÃO METÁLICO; PLÁSTICO; PP-H; PL; DIN 8077/78/EN 15494; SDR 11; PN10
TUB-038-M16000		TUBO NÃO METÁLICO; PLÁSTICO; PP-H; PL; DIN 8077/78/EN 15494; SDR 11; PN10
TUB-038-M18000		TUBO NÃO METÁLICO; PLÁSTICO; PP-H; PL; DIN 8077/78/EN 15494; SDR 11; PN10
TUB-038-M20000		TUBO NÃO METÁLICO; PLÁSTICO; PP-H; PL; DIN 8077/78/EN 15494; SDR 11; PN10
TUB-038-M22500		TUBO NÃO METÁLICO; PLÁSTICO; PP-H; PL; DIN 8077/78/EN 15494; SDR 11; PN10
TUB-038-M25000		TUBO NÃO METÁLICO; PLÁSTICO; PP-H; PL; DIN 8077/78/EN 15494; SDR 11; PN10
TUB-038-M28000		TUBO NÃO METÁLICO; PLÁSTICO; PP-H; PL; DIN 8077/78/EN 15494; SDR 11; PN10
TUB-038-M31500		TUBO NÃO METÁLICO; PLÁSTICO; PP-H; PL; DIN 8077/78/EN 15494; SDR 11; PN10
TUB-038-M35500		TUBO NÃO METÁLICO; PLÁSTICO; PP-H; PL; DIN 8077/78/EN 15494; SDR 11; PN10
TUB-038-M40000		TUBO NÃO METÁLICO; PLÁSTICO; PP-H; PL; DIN 8077/78/EN 15494; SDR 11; PN10
TUB-039-005000		TUBO NÃO METÁLICO; PLÁSTICO; POLIPROPILENO; PL; DIN 8077; DIN 8077; PN10
TUB-039-007000		TUBO NÃO METÁLICO; PLÁSTICO; POLIPROPILENO; PL; DIN 8077; DIN 8077; PN10
TUB-039-010000		TUBO NÃO METÁLICO; PLÁSTICO; POLIPROPILENO; PL; DIN 8077; DIN 8077; PN10
TUB-039-015000		TUBO NÃO METÁLICO; PLÁSTICO; POLIPROPILENO; PL; DIN 8077; DIN 8077; PN10
TUB-040-M02000		TUBO NÃO METÁLICO; PLÁSTICO; POLIPROPILENO PPR; PL; ISO 15494; SDR 11; PN10
TUB-040-M02500		TUBO NÃO METÁLICO; PLÁSTICO; POLIPROPILENO PPR; PL; ISO 15494; SDR 11; PN10
TUB-040-M03200		TUBO NÃO METÁLICO; PLÁSTICO; POLIPROPILENO PPR; PL; ISO 15494; SDR 11; PN10
TUB-040-M04000		TUBO NÃO METÁLICO; PLÁSTICO; POLIPROPILENO PPR; PL; ISO 15494; SDR 11; PN10
TUB-040-M05000		TUBO NÃO METÁLICO; PLÁSTICO; POLIPROPILENO PPR; PL; ISO 15494; SDR 11; PN10
TUB-040-M06300		TUBO NÃO METÁLICO; PLÁSTICO; POLIPROPILENO PPR; PL; ISO 15494; SDR 11; PN10
TUB-040-M07500		TUBO NÃO METÁLICO; PLÁSTICO; POLIPROPILENO PPR; PL; ISO 15494; SDR 11; PN10
TUB-040-M09000		TUBO NÃO METÁLICO; PLÁSTICO; POLIPROPILENO PPR; PL; ISO 15494; SDR 11; PN10
TUB-040-M10000		TUBO NÃO METÁLICO; PLÁSTICO; POLIPROPILENO PPR; PL; ISO 15494; SDR 11; PN10
TUB-040-M11000		TUBO NÃO METÁLICO; PLÁSTICO; POLIPROPILENO PPR; PL; ISO 15494; SDR 11; PN10
TUB-040-M12500		TUBO NÃO METÁLICO; PLÁSTICO; POLIPROPILENO PPR; PL; ISO 15494; SDR 11; PN10
TUB-040-M14000		TUBO NÃO METÁLICO; PLÁSTICO; POLIPROPILENO PPR; PL; ISO 15494; SDR 11; PN10
TUB-040-M16000		TUBO NÃO METÁLICO; PLÁSTICO; POLIPROPILENO PPR; PL; ISO 15494; SDR 11; PN10
TUB-040-M18000		TUBO NÃO METÁLICO; PLÁSTICO; POLIPROPILENO PPR; PL; ISO 15494; SDR 11; PN10
TUB-040-M20000		TUBO NÃO METÁLICO; PLÁSTICO; POLIPROPILENO PPR; PL; ISO 15494; SDR 11; PN10
TUB-040-M22500		TUBO NÃO METÁLICO; PLÁSTICO; POLIPROPILENO PPR; PL; ISO 15494; SDR 11; PN10
TUB-040-M25000		TUBO NÃO METÁLICO; PLÁSTICO; POLIPROPILENO PPR; PL; ISO 15494; SDR 11; PN10
TUB-040-M28000		TUBO NÃO METÁLICO; PLÁSTICO; POLIPROPILENO PPR; PL; ISO 15494; SDR 11; PN10
TUB-040-M31500		TUBO NÃO METÁLICO; PLÁSTICO; POLIPROPILENO PPR; PL; ISO 15494; SDR 11; PN10
TUB-040-M35500		TUBO NÃO METÁLICO; PLÁSTICO; POLIPROPILENO PPR; PL; ISO 15494; SDR 11; PN10
TUB-040-M40000		TUBO NÃO METÁLICO; PLÁSTICO; POLIPROPILENO PPR; PL; ISO 15494; SDR 11; PN10
TUB-041-005000		TUBO NÃO METÁLICO; PLÁSTICO; PVC; RO; NBR-5648; 2,5 MM
TUB-042-005000		TUBO PRFV; PLÁSTICO; PRFV DERAKANE 411-350; EP-100-21.00-606; PL; 125LB
TUB-042-007000		TUBO PRFV; PLÁSTICO; PRFV DERAKANE 411-350; EP-100-21.00-606; PL; 125LB
TUB-042-010000		TUBO PRFV; PLÁSTICO; PRFV DERAKANE 411-350; EP-100-21.00-606; PL; 125LB
TUB-042-015000		TUBO PRFV; PLÁSTICO; PRFV DERAKANE 411-350; EP-100-21.00-606; PL; 125LB
TUB-042-020000		TUBO PRFV; PLÁSTICO; PRFV DERAKANE 411-350; EP-100-21.00-606; PL; 125LB
TUB-042-030000		TUBO PRFV; PLÁSTICO; PRFV DERAKANE 411-350; EP-100-21.00-606; PL; 125LB
TUB-042-040000		TUBO PRFV; PLÁSTICO; PRFV DERAKANE 411-350; EP-100-21.00-606; PL; 125LB
TUB-042-060000		TUBO PRFV; PLÁSTICO; PRFV DERAKANE 411-350; EP-100-21.00-606; PL; 125LB
TUB-042-080000		TUBO PRFV; PLÁSTICO; PRFV DERAKANE 411-350; EP-100-21.00-606; PL; 125LB
TUB-042-100000		TUBO PRFV; PLÁSTICO; PRFV DERAKANE 411-350; EP-100-21.00-606; PL; 125LB
TUB-042-120000		TUBO PRFV; PLÁSTICO; PRFV DERAKANE 411-350; EP-100-21.00-606; PL; 125LB
TUB-042-140000		TUBO PRFV; PLÁSTICO; PRFV DERAKANE 411-350; EP-100-21.00-606; PL; 125LB
TUB-042-160000		TUBO PRFV; PLÁSTICO; PRFV DERAKANE 411-350; EP-100-21.00-606; PL; 125LB
TUB-042-180000		TUBO PRFV; PLÁSTICO; PRFV DERAKANE 411-350; EP-100-21.00-606; PL; 125LB
TUB-042-200000		TUBO PRFV; PLÁSTICO; PRFV DERAKANE 411-350; EP-100-21.00-606; PL; 125LB
TUB-042-240000		TUBO PRFV; PLÁSTICO; PRFV DERAKANE 411-350; EP-100-21.00-606; PL; 125LB
TUB-042-260000		TUBO PRFV; PLÁSTICO; PRFV DERAKANE 411-350; EP-100-21.00-606; PL; 125LB
TUB-042-300000		TUBO PRFV; PLÁSTICO; PRFV DERAKANE 411-350; EP-100-21.00-606; PL; 125LB
TUB-042-360000		TUBO PRFV; PLÁSTICO; PRFV DERAKANE 411-350; EP-100-21.00-606; PL; 125LB
TUB-042-420000		TUBO PRFV; PLÁSTICO; PRFV DERAKANE 411-350; EP-100-21.00-606; PL; 125LB
TUB-042-480000		TUBO PRFV; PLÁSTICO; PRFV DERAKANE 411-350; EP-100-21.00-606; PL; 125LB
TUB-043-007000		TUBO PRFV; PLÁSTICO; PRFV DERAKANE 470-300; EP-100-21.00-606; PL; 125LB
TUB-043-010000		TUBO PRFV; PLÁSTICO; PRFV DERAKANE 470-300; EP-100-21.00-606; PL; 125LB
TUB-043-015000		TUBO PRFV; PLÁSTICO; PRFV DERAKANE 470-300; EP-100-21.00-606; PL; 125LB
TUB-043-020000		TUBO PRFV; PLÁSTICO; PRFV DERAKANE 470-300; EP-100-21.00-606; PL; 125LB
TUB-043-030000		TUBO PRFV; PLÁSTICO; PRFV DERAKANE 470-300; EP-100-21.00-606; PL; 125LB
TUB-043-040000		TUBO PRFV; PLÁSTICO; PRFV DERAKANE 470-300; EP-100-21.00-606; PL; 125LB
TUB-043-060000		TUBO PRFV; PLÁSTICO; PRFV DERAKANE 470-300; EP-100-21.00-606; PL; 125LB
TUB-043-080000		TUBO PRFV; PLÁSTICO; PRFV DERAKANE 470-300; EP-100-21.00-606; PL; 125LB
TUB-043-100000		TUBO PRFV; PLÁSTICO; PRFV DERAKANE 470-300; EP-100-21.00-606; PL; 125LB
TUB-043-120000		TUBO PRFV; PLÁSTICO; PRFV DERAKANE 470-300; EP-100-21.00-606; PL; 125LB
TUB-043-140000		TUBO PRFV; PLÁSTICO; PRFV DERAKANE 470-300; EP-100-21.00-606; PL; 125LB
TUB-043-160000		TUBO PRFV; PLÁSTICO; PRFV DERAKANE 470-300; EP-100-21.00-606; PL; 125LB
TUB-043-180000		TUBO PRFV; PLÁSTICO; PRFV DERAKANE 470-300; EP-100-21.00-606; PL; 125LB
TUB-044-M01600		TUBO NÃO METÁLICO; PLÁSTICO; PVDF; PL; DIN 8077/78; SDR 7,4; PN16
TUB-044-M02000		TUBO NÃO METÁLICO; PLÁSTICO; PVDF; PL; DIN 8077/78; SDR 7,4; PN16
TUB-044-M02500		TUBO NÃO METÁLICO; PLÁSTICO; PVDF; PL; DIN 8077/78; SDR 7,4; PN16
TUB-044-M03200		TUBO NÃO METÁLICO; PLÁSTICO; PVDF; PL; DIN 8077/78; SDR 7,4; PN16
TUB-044-M04000		TUBO NÃO METÁLICO; PLÁSTICO; PVDF; PL; DIN 8077/78; SDR 7,4; PN16
TUB-044-M05000		TUBO NÃO METÁLICO; PLÁSTICO; PVDF; PL; DIN 8077/78; SDR 7,4; PN16
TUB-044-M06300		TUBO NÃO METÁLICO; PLÁSTICO; PVDF; PL; DIN 8077/78; SDR 7,4; PN16
TUB-044-M07500		TUBO NÃO METÁLICO; PLÁSTICO; PVDF; PL; DIN 8077/78; SDR 7,4; PN16
TUB-044-M09000		TUBO NÃO METÁLICO; PLÁSTICO; PVDF; PL; DIN 8077/78; SDR 7,4; PN16
TUB-044-M10000		TUBO NÃO METÁLICO; PLÁSTICO; PVDF; PL; DIN 8077/78; SDR 7,4; PN16
TUB-044-M11000		TUBO NÃO METÁLICO; PLÁSTICO; PVDF; PL; DIN 8077/78; SDR 7,4; PN16
TUB-044-M12500		TUBO NÃO METÁLICO; PLÁSTICO; PVDF; PL; DIN 8077/78; SDR 7,4; PN16
TUB-044-M14000		TUBO NÃO METÁLICO; PLÁSTICO; PVDF; PL; DIN 8077/78; SDR 7,4; PN16
TUB-044-M16000		TUBO NÃO METÁLICO; PLÁSTICO; PVDF; PL; DIN 8077/78; SDR 7,4; PN16
TUB-044-M18000		TUBO NÃO METÁLICO; PLÁSTICO; PVDF; PL; DIN 8077/78; SDR 7,4; PN16
TUB-044-M20000		TUBO NÃO METÁLICO; PLÁSTICO; PVDF; PL; DIN 8077/78; SDR 7,4; PN16
TUB-044-M22500		TUBO NÃO METÁLICO; PLÁSTICO; PVDF; PL; DIN 8077/78; SDR 7,4; PN16
TUB-044-M25000		TUBO NÃO METÁLICO; PLÁSTICO; PVDF; PL; DIN 8077/78; SDR 7,4; PN16
TUB-044-M28000		TUBO NÃO METÁLICO; PLÁSTICO; PVDF; PL; DIN 8077/78; SDR 7,4; PN16
TUB-044-M31500		TUBO NÃO METÁLICO; PLÁSTICO; PVDF; PL; DIN 8077/78; SDR 7,4; PN16
TUB-045-M09000		TUBO NÃO METÁLICO; PLÁSTICO; PVDF; PL; DIN 8077/78/EN 15494; SDR 11; PN10
TUB-045-M10000		TUBO NÃO METÁLICO; PLÁSTICO; PVDF; PL; DIN 8077/78/EN 15494; SDR 11; PN10
TUB-045-M11000		TUBO NÃO METÁLICO; PLÁSTICO; PVDF; PL; DIN 8077/78/EN 15494; SDR 11; PN10
TUB-045-M12500		TUBO NÃO METÁLICO; PLÁSTICO; PVDF; PL; DIN 8077/78/EN 15494; SDR 11; PN10
TUB-045-M14000		TUBO NÃO METÁLICO; PLÁSTICO; PVDF; PL; DIN 8077/78/EN 15494; SDR 11; PN10
TUB-045-M16000		TUBO NÃO METÁLICO; PLÁSTICO; PVDF; PL; DIN 8077/78/EN 15494; SDR 11; PN10
TUB-045-M18000		TUBO NÃO METÁLICO; PLÁSTICO; PVDF; PL; DIN 8077/78/EN 15494; SDR 11; PN10
TUB-045-M20000		TUBO NÃO METÁLICO; PLÁSTICO; PVDF; PL; DIN 8077/78/EN 15494; SDR 11; PN10
TUB-045-M22500		TUBO NÃO METÁLICO; PLÁSTICO; PVDF; PL; DIN 8077/78/EN 15494; SDR 11; PN10
TUB-045-M25000		TUBO NÃO METÁLICO; PLÁSTICO; PVDF; PL; DIN 8077/78/EN 15494; SDR 11; PN10
TUB-045-M28000		TUBO NÃO METÁLICO; PLÁSTICO; PVDF; PL; DIN 8077/78/EN 15494; SDR 11; PN10
TUB-045-M31500		TUBO NÃO METÁLICO; PLÁSTICO; PVDF; PL; DIN 8077/78/EN 15494; SDR 11; PN10
TUB-046-007000		TUBO NÃO METÁLICO; PLÁSTICO; PVC; RO; NBR-5648; 2,6 MM
TUB-047-005027	Sch 80S	TUBO METÁLICO; NI; B161 UNS N02200; S/C; PL; B36.19
TUB-047-005028	Sch 10S	TUBO METÁLICO; NI; B161 UNS N02200; S/C; PL; B36.19
TUB-047-007029	Sch 80S	TUBO METÁLICO; NI; B161 UNS N02200; S/C; PL; B36.19
TUB-047-007045	Sch 10S	TUBO METÁLICO; NI; B161 UNS N02200; S/C; PL; B36.19
TUB-047-010033	Sch 80S	TUBO METÁLICO; NI; B161 UNS N02200; S/C; PL; B36.19
TUB-047-010053	Sch 10S	TUBO METÁLICO; NI; B161 UNS N02200; S/C; PL; B36.19
TUB-047-015035	Sch 10S	TUBO METÁLICO; NI; B161 UNS N02200; S/C; PL; B36.19
TUB-047-020035	Sch 10S	TUBO METÁLICO; NI; B161 UNS N02200; S/C; PL; B36.19
TUB-047-030032	Sch 10S	TUBO METÁLICO; NI; B161 UNS N02200; S/C; PL; B36.19
TUB-047-040016	Sch 10S	TUBO METÁLICO; NI; B161 UNS N02200; S/C; PL; B36.19
TUB-048-M02000		TUBO NÃO METÁLICO; PLÁSTICO; PEAD PE-100; PL; ISO 15494; SDR 11; PN16
TUB-048-M02500		TUBO NÃO METÁLICO; PLÁSTICO; PEAD PE-100; PL; ISO 15494; SDR 11; PN16
TUB-048-M03200		TUBO NÃO METÁLICO; PLÁSTICO; PEAD PE-100; PL; ISO 15494; SDR 11; PN16
TUB-048-M04000		TUBO NÃO METÁLICO; PLÁSTICO; PEAD PE-100; PL; ISO 15494; SDR 11; PN16
TUB-048-M05000		TUBO NÃO METÁLICO; PLÁSTICO; PEAD PE-100; PL; ISO 15494; SDR 11; PN16
TUB-048-M06300		TUBO NÃO METÁLICO; PLÁSTICO; PEAD PE-100; PL; ISO 15494; SDR 11; PN16
TUB-048-M07500		TUBO NÃO METÁLICO; PLÁSTICO; PEAD PE-100; PL; ISO 15494; SDR 11; PN16
TUB-048-M09000		TUBO NÃO METÁLICO; PLÁSTICO; PEAD PE-100; PL; ISO 15494; SDR 11; PN16
TUB-048-M10000		TUBO NÃO METÁLICO; PLÁSTICO; PEAD PE-100; PL; ISO 15494; SDR 11; PN16
TUB-048-M11000		TUBO NÃO METÁLICO; PLÁSTICO; PEAD PE-100; PL; ISO 15494; SDR 11; PN16
TUB-048-M12500		TUBO NÃO METÁLICO; PLÁSTICO; PEAD PE-100; PL; ISO 15494; SDR 11; PN16
TUB-048-M14000		TUBO NÃO METÁLICO; PLÁSTICO; PEAD PE-100; PL; ISO 15494; SDR 11; PN16
TUB-048-M16000		TUBO NÃO METÁLICO; PLÁSTICO; PEAD PE-100; PL; ISO 15494; SDR 11; PN16
TUB-048-M18000		TUBO NÃO METÁLICO; PLÁSTICO; PEAD PE-100; PL; ISO 15494; SDR 11; PN16
TUB-048-M20000		TUBO NÃO METÁLICO; PLÁSTICO; PEAD PE-100; PL; ISO 15494; SDR 11; PN16
TUB-048-M22500		TUBO NÃO METÁLICO; PLÁSTICO; PEAD PE-100; PL; ISO 15494; SDR 11; PN16
TUB-048-M25000		TUBO NÃO METÁLICO; PLÁSTICO; PEAD PE-100; PL; ISO 15494; SDR 11; PN16
TUB-048-M28000		TUBO NÃO METÁLICO; PLÁSTICO; PEAD PE-100; PL; ISO 15494; SDR 11; PN16
TUB-048-M31500		TUBO NÃO METÁLICO; PLÁSTICO; PEAD PE-100; PL; ISO 15494; SDR 11; PN16
TUB-048-M35500		TUBO NÃO METÁLICO; PLÁSTICO; PEAD PE-100; PL; ISO 15494; SDR 11; PN16
TUB-048-M40000		TUBO NÃO METÁLICO; PLÁSTICO; PEAD PE-100; PL; ISO 15494; SDR 11; PN16
TUB-048-M45000		TUBO NÃO METÁLICO; PLÁSTICO; PEAD PE-100; PL; ISO 15494; SDR 11; PN16
TUB-048-M50000		TUBO NÃO METÁLICO; PLÁSTICO; PEAD PE-100; PL; ISO 15494; SDR 11; PN16
TUB-048-M56000		TUBO NÃO METÁLICO; PLÁSTICO; PEAD PE-100; PL; ISO 15494; SDR 11; PN16
TUB-048-M63000		TUBO NÃO METÁLICO; PLÁSTICO; PEAD PE-100; PL; ISO 15494; SDR 11; PN16
TUB-048-M71000		TUBO NÃO METÁLICO; PLÁSTICO; PEAD PE-100; PL; ISO 15494; SDR 11; PN16
TUB-048-M80000		TUBO NÃO METÁLICO; PLÁSTICO; PEAD PE-100; PL; ISO 15494; SDR 11; PN16
TUB-048-M90000		TUBO NÃO METÁLICO; PLÁSTICO; PEAD PE-100; PL; ISO 15494; SDR 11; PN16
TUB-048-N10000		TUBO NÃO METÁLICO; PLÁSTICO; PEAD PE-100; PL; ISO 15494; SDR 11; PN16
TUB-048-N12000		TUBO NÃO METÁLICO; PLÁSTICO; PEAD PE-100; PL; ISO 15494; SDR 11; PN16
TUB-048-N14000		TUBO NÃO METÁLICO; PLÁSTICO; PEAD PE-100; PL; ISO 15494; SDR 11; PN16
TUB-048-N16000		TUBO NÃO METÁLICO; PLÁSTICO; PEAD PE-100; PL; ISO 15494; SDR 11; PN16
TUB-049-M09000		TUBO NÃO METÁLICO; PLÁSTICO; PEAD PE-100; PL; FM 1613; SDR 11; PN12
TUB-049-M10000		TUBO NÃO METÁLICO; PLÁSTICO; PEAD PE-100; PL; FM 1613; SDR 11; PN12
TUB-049-M11000		TUBO NÃO METÁLICO; PLÁSTICO; PEAD PE-100; PL; FM 1613; SDR 11; PN12
TUB-049-M12500		TUBO NÃO METÁLICO; PLÁSTICO; PEAD PE-100; PL; FM 1613; SDR 11; PN12
TUB-049-M14000		TUBO NÃO METÁLICO; PLÁSTICO; PEAD PE-100; PL; FM 1613; SDR 11; PN12
TUB-049-M16000		TUBO NÃO METÁLICO; PLÁSTICO; PEAD PE-100; PL; FM 1613; SDR 11; PN12
TUB-049-M18000		TUBO NÃO METÁLICO; PLÁSTICO; PEAD PE-100; PL; FM 1613; SDR 11; PN12
TUB-049-M20000		TUBO NÃO METÁLICO; PLÁSTICO; PEAD PE-100; PL; FM 1613; SDR 11; PN12
TUB-049-M22500		TUBO NÃO METÁLICO; PLÁSTICO; PEAD PE-100; PL; FM 1613; SDR 11; PN12
TUB-049-M25000		TUBO NÃO METÁLICO; PLÁSTICO; PEAD PE-100; PL; FM 1613; SDR 11; PN12
TUB-049-M28000		TUBO NÃO METÁLICO; PLÁSTICO; PEAD PE-100; PL; FM 1613; SDR 11; PN12
TUB-049-M31500		TUBO NÃO METÁLICO; PLÁSTICO; PEAD PE-100; PL; FM 1613; SDR 11; PN12
TUB-049-M35500		TUBO NÃO METÁLICO; PLÁSTICO; PEAD PE-100; PL; FM 1613; SDR 11; PN12
TUB-049-M40000		TUBO NÃO METÁLICO; PLÁSTICO; PEAD PE-100; PL; FM 1613; SDR 11; PN12
TUB-049-M45000		TUBO NÃO METÁLICO; PLÁSTICO; PEAD PE-100; PL; FM 1613; SDR 11; PN12
TUB-049-M50000		TUBO NÃO METÁLICO; PLÁSTICO; PEAD PE-100; PL; FM 1613; SDR 11; PN12
TUB-050-M09000		TUBO NÃO METÁLICO; PLÁSTICO; PEAD PE-100; PL; FM 1613; SDR 11; PN12
TUB-050-M10000		TUBO NÃO METÁLICO; PLÁSTICO; PEAD PE-100; PL; FM 1613; SDR 11; PN12
TUB-050-M11000		TUBO NÃO METÁLICO; PLÁSTICO; PEAD PE-100; PL; FM 1613; SDR 11; PN12
TUB-050-M12500		TUBO NÃO METÁLICO; PLÁSTICO; PEAD PE-100; PL; FM 1613; SDR 11; PN12
TUB-050-M14000		TUBO NÃO METÁLICO; PLÁSTICO; PEAD PE-100; PL; FM 1613; SDR 11; PN12
TUB-050-M16000		TUBO NÃO METÁLICO; PLÁSTICO; PEAD PE-100; PL; FM 1613; SDR 11; PN12
TUB-050-M18000		TUBO NÃO METÁLICO; PLÁSTICO; PEAD PE-100; PL; FM 1613; SDR 11; PN12
TUB-050-M20000		TUBO NÃO METÁLICO; PLÁSTICO; PEAD PE-100; PL; FM 1613; SDR 11; PN12
TUB-050-M22500		TUBO NÃO METÁLICO; PLÁSTICO; PEAD PE-100; PL; FM 1613; SDR 11; PN12
TUB-050-M25000		TUBO NÃO METÁLICO; PLÁSTICO; PEAD PE-100; PL; FM 1613; SDR 11; PN12
TUB-050-M28000		TUBO NÃO METÁLICO; PLÁSTICO; PEAD PE-100; PL; FM 1613; SDR 11; PN12
TUB-050-M31500		TUBO NÃO METÁLICO; PLÁSTICO; PEAD PE-100; PL; FM 1613; SDR 11; PN12
TUB-050-M35500		TUBO NÃO METÁLICO; PLÁSTICO; PEAD PE-100; PL; FM 1613; SDR 11; PN12
TUB-050-M40000		TUBO NÃO METÁLICO; PLÁSTICO; PEAD PE-100; PL; FM 1613; SDR 11; PN12
TUB-050-M45000		TUBO NÃO METÁLICO; PLÁSTICO; PEAD PE-100; PL; FM 1613; SDR 11; PN12
TUB-050-M50000		TUBO NÃO METÁLICO; PLÁSTICO; PEAD PE-100; PL; FM 1613; SDR 11; PN12
TUB-051-M01600		TUBO NÃO METÁLICO; PLÁSTICO; PVC-U; PL; DIN 8061/62; SDR 11; PN16
TUB-051-M02000		TUBO NÃO METÁLICO; PLÁSTICO; PVC-U; PL; DIN 8061/62; SDR 11; PN16
TUB-051-M02500		TUBO NÃO METÁLICO; PLÁSTICO; PVC-U; PL; DIN 8061/62; SDR 11; PN16
TUB-051-M03200		TUBO NÃO METÁLICO; PLÁSTICO; PVC-U; PL; DIN 8061/62; SDR 11; PN16
TUB-051-M04000		TUBO NÃO METÁLICO; PLÁSTICO; PVC-U; PL; DIN 8061/62; SDR 11; PN16
TUB-051-M05000		TUBO NÃO METÁLICO; PLÁSTICO; PVC-U; PL; DIN 8061/62; SDR 11; PN16
TUB-051-M06300		TUBO NÃO METÁLICO; PLÁSTICO; PVC-U; PL; DIN 8061/62; SDR 11; PN16
TUB-051-M07500		TUBO NÃO METÁLICO; PLÁSTICO; PVC-U; PL; DIN 8061/62; SDR 11; PN16
TUB-051-M09000		TUBO NÃO METÁLICO; PLÁSTICO; PVC-U; PL; DIN 8061/62; SDR 11; PN16
TUB-051-M10000		TUBO NÃO METÁLICO; PLÁSTICO; PVC-U; PL; DIN 8061/62; SDR 11; PN16
TUB-051-M11000		TUBO NÃO METÁLICO; PLÁSTICO; PVC-U; PL; DIN 8061/62; SDR 11; PN16
TUB-051-M12500		TUBO NÃO METÁLICO; PLÁSTICO; PVC-U; PL; DIN 8061/62; SDR 11; PN16
TUB-051-M14000		TUBO NÃO METÁLICO; PLÁSTICO; PVC-U; PL; DIN 8061/62; SDR 11; PN16
TUB-051-M16000		TUBO NÃO METÁLICO; PLÁSTICO; PVC-U; PL; DIN 8061/62; SDR 11; PN16
TUB-051-M18000		TUBO NÃO METÁLICO; PLÁSTICO; PVC-U; PL; DIN 8061/62; SDR 11; PN16
TUB-051-M20000		TUBO NÃO METÁLICO; PLÁSTICO; PVC-U; PL; DIN 8061/62; SDR 11; PN16
TUB-051-M22500		TUBO NÃO METÁLICO; PLÁSTICO; PVC-U; PL; DIN 8061/62; SDR 11; PN16
TUB-051-M25000		TUBO NÃO METÁLICO; PLÁSTICO; PVC-U; PL; DIN 8061/62; SDR 11; PN16
TUB-051-M28000		TUBO NÃO METÁLICO; PLÁSTICO; PVC-U; PL; DIN 8061/62; SDR 11; PN16
TUB-051-M31500		TUBO NÃO METÁLICO; PLÁSTICO; PVC-U; PL; DIN 8061/62; SDR 11; PN16
TUB-052-140047	Sch 10	TUBO; AC; A671 GR CC 70 CL 13; C/C; PC; B36.10
TUB-052-160047	Sch 10	TUBO; AC; A671 GR CC 70 CL 13; C/C; PC; B36.10
TUB-052-180047	Sch 10	TUBO; AC; A671 GR CC 70 CL 13; C/C; PC; B36.10
TUB-052-200047	Sch 10	TUBO; AC; A671 GR CC 70 CL 13; C/C; PC; B36.10
TUB-052-240047	Sch 10	TUBO; AC; A671 GR CC 70 CL 13; C/C; PC; B36.10
TUB-052-260001	Sch 10	TUBO; AC; A671 GR CC 70 CL 13; C/C; PC; B36.10
TUB-052-300001	Sch 10	TUBO; AC; A671 GR CC 70 CL 13; C/C; PC; B36.10
TUB-053-M03200		TUBO NÃO METÁLICO; PLÁSTICO; PVC-U; PL; DIN 8062; SDR 11; PN16
TUB-053-M04000		TUBO NÃO METÁLICO; PLÁSTICO; PVC-U; PL; DIN 8062; SDR 11; PN16
TUB-053-M05000		TUBO NÃO METÁLICO; PLÁSTICO; PVC-U; PL; DIN 8062; SDR 11; PN16
TUB-053-M06300		TUBO NÃO METÁLICO; PLÁSTICO; PVC-U; PL; DIN 8062; SDR 11; PN16
TUB-053-M07500		TUBO NÃO METÁLICO; PLÁSTICO; PVC-U; PL; DIN 8062; SDR 11; PN16
TUB-053-M09000		TUBO NÃO METÁLICO; PLÁSTICO; PVC-U; PL; DIN 8062; SDR 11; PN16
TUB-053-M10000		TUBO NÃO METÁLICO; PLÁSTICO; PVC-U; PL; DIN 8062; SDR 11; PN16
TUB-053-M11000		TUBO NÃO METÁLICO; PLÁSTICO; PVC-U; PL; DIN 8062; SDR 11; PN16
TUB-053-M12500		TUBO NÃO METÁLICO; PLÁSTICO; PVC-U; PL; DIN 8062; SDR 11; PN16
TUB-053-M14000		TUBO NÃO METÁLICO; PLÁSTICO; PVC-U; PL; DIN 8062; SDR 11; PN16
TUB-053-M16000		TUBO NÃO METÁLICO; PLÁSTICO; PVC-U; PL; DIN 8062; SDR 11; PN16
TUB-054-M02500		TUBO NÃO METÁLICO; PLÁSTICO; PVC-U; PL; DIN 8062; SDR 11; PN16
TUB-054-M03200		TUBO NÃO METÁLICO; PLÁSTICO; PVC-U; PL; DIN 8062; SDR 11; PN16
TUB-054-M04000		TUBO NÃO METÁLICO; PLÁSTICO; PVC-U; PL; DIN 8062; SDR 11; PN16
TUB-054-M05000		TUBO NÃO METÁLICO; PLÁSTICO; PVC-U; PL; DIN 8062; SDR 11; PN16
TUB-054-M06300		TUBO NÃO METÁLICO; PLÁSTICO; PVC-U; PL; DIN 8062; SDR 11; PN16
TUB-054-M07500		TUBO NÃO METÁLICO; PLÁSTICO; PVC-U; PL; DIN 8062; SDR 11; PN16
TUB-054-M09000		TUBO NÃO METÁLICO; PLÁSTICO; PVC-U; PL; DIN 8062; SDR 11; PN16
TUB-054-M10000		TUBO NÃO METÁLICO; PLÁSTICO; PVC-U; PL; DIN 8062; SDR 11; PN16
TUB-054-M11000		TUBO NÃO METÁLICO; PLÁSTICO; PVC-U; PL; DIN 8062; SDR 11; PN16
TUB-054-M12500		TUBO NÃO METÁLICO; PLÁSTICO; PVC-U; PL; DIN 8062; SDR 11; PN16
TUB-054-M14000		TUBO NÃO METÁLICO; PLÁSTICO; PVC-U; PL; DIN 8062; SDR 11; PN16
TUB-054-M16000		TUBO NÃO METÁLICO; PLÁSTICO; PVC-U; PL; DIN 8062; SDR 11; PN16
TUB-054-M18000		TUBO NÃO METÁLICO; PLÁSTICO; PVC-U; PL; DIN 8062; SDR 11; PN16
TUB-054-M20000		TUBO NÃO METÁLICO; PLÁSTICO; PVC-U; PL; DIN 8062; SDR 11; PN16
TUB-054-M22500		TUBO NÃO METÁLICO; PLÁSTICO; PVC-U; PL; DIN 8062; SDR 11; PN16
TUB-054-M25000		TUBO NÃO METÁLICO; PLÁSTICO; PVC-U; PL; DIN 8062; SDR 11; PN16
TUB-054-M28000		TUBO NÃO METÁLICO; PLÁSTICO; PVC-U; PL; DIN 8062; SDR 11; PN16
TUB-055-001000		TUBO NÃO METÁLICO; PLÁSTICO; PVC-U; PL; ASTM D1785; SCH 80; PN16
TUB-055-005000		TUBO NÃO METÁLICO; PLÁSTICO; PVC-U; PL; ASTM D1785; SCH 80; PN16
TUB-055-007000		TUBO NÃO METÁLICO; PLÁSTICO; PVC-U; PL; ASTM D1785; SCH 80; PN16
TUB-055-010000		TUBO NÃO METÁLICO; PLÁSTICO; PVC-U; PL; ASTM D1785; SCH 80; PN16
TUB-055-015000		TUBO NÃO METÁLICO; PLÁSTICO; PVC-U; PL; ASTM D1785; SCH 80; PN16
TUB-055-020000		TUBO NÃO METÁLICO; PLÁSTICO; PVC-U; PL; ASTM D1785; SCH 80; PN16
TUB-055-030000		TUBO NÃO METÁLICO; PLÁSTICO; PVC-U; PL; ASTM D1785; SCH 80; PN16
TUB-055-040000		TUBO NÃO METÁLICO; PLÁSTICO; PVC-U; PL; ASTM D1785; SCH 80; PN16
TUB-055-060000		TUBO NÃO METÁLICO; PLÁSTICO; PVC-U; PL; ASTM D1785; SCH 80; PN16
TUB-055-080000		TUBO NÃO METÁLICO; PLÁSTICO; PVC-U; PL; ASTM D1785; SCH 80; PN16
TUB-055-100000		TUBO NÃO METÁLICO; PLÁSTICO; PVC-U; PL; ASTM D1785; SCH 80; PN16
TUB-055-120000		TUBO NÃO METÁLICO; PLÁSTICO; PVC-U; PL; ASTM D1785; SCH 80; PN16
TUB-055-140000		TUBO NÃO METÁLICO; PLÁSTICO; PVC-U; PL; ASTM D1785; SCH 80; PN16
TUB-055-160000		TUBO NÃO METÁLICO; PLÁSTICO; PVC-U; PL; ASTM D1785; SCH 80; PN16
TUB-055-180000		TUBO NÃO METÁLICO; PLÁSTICO; PVC-U; PL; ASTM D1785; SCH 80; PN16
TUB-055-200000		TUBO NÃO METÁLICO; PLÁSTICO; PVC-U; PL; ASTM D1785; SCH 80; PN16
TUB-055-240000		TUBO NÃO METÁLICO; PLÁSTICO; PVC-U; PL; ASTM D1785; SCH 80; PN16
TUB-056-060009	Sch 10S	TUBO; NI; B161 UNS N02200; C/C; PC; B36.19
TUB-056-080011	Sch 10S	TUBO; NI; B161 UNS N02200; C/C; PC; B36.19
TUB-056-100030	Sch 10S	TUBO; NI; B161 UNS N02200; C/C; PC; B36.19
TUB-056-120034	Sch 10S	TUBO; NI; B161 UNS N02200; C/C; PC; B36.19
TUB-056-140047	Sch 10	TUBO; NI; B161 UNS N02200; C/C; PC; B36.19
TUB-056-160047	Sch 10	TUBO; NI; B161 UNS N02200; C/C; PC; B36.19
TUB-057-010000		TUBO NÃO METÁLICO; PLÁSTICO; PVDF; FLG/PL; EP-100.2100-617; EP-100.2100-617; PN10
TUB-057-015000		TUBO NÃO METÁLICO; PLÁSTICO; PVDF; FLG/PL; EP-100.2100-617; EP-100.2100-617; PN10
TUB-057-020000		TUBO NÃO METÁLICO; PLÁSTICO; PVDF; FLG/PL; EP-100.2100-617; EP-100.2100-617; PN10
TUB-057-030000		TUBO NÃO METÁLICO; PLÁSTICO; PVDF; FLG/PL; EP-100.2100-617; EP-100.2100-617; PN10
TUB-057-040000		TUBO NÃO METÁLICO; PLÁSTICO; PVDF; FLG/PL; EP-100.2100-617; EP-100.2100-617; PN10
TUB-057-060000		TUBO NÃO METÁLICO; PLÁSTICO; PVDF; FLG/PL; EP-100.2100-617; EP-100.2100-617; PN10
TUB-057-080000		TUBO NÃO METÁLICO; PLÁSTICO; PVDF; FLG/PL; EP-100.2100-617; EP-100.2100-617; PN10
TUB-058-010000		TUBO NÃO METÁLICO; PLÁSTICO; PVC; RO; NBR-5648; 3,2 MM
TUB-059-M02000		TUBO NÃO METÁLICO; PLÁSTICO; ECTFE; PL; ASTM D3275; SDR 21; PN10
TUB-059-M02500		TUBO NÃO METÁLICO; PLÁSTICO; ECTFE; PL; ASTM D3275; SDR 21; PN10
TUB-059-M03200		TUBO NÃO METÁLICO; PLÁSTICO; ECTFE; PL; ASTM D3275; SDR 21; PN10
TUB-059-M04000		TUBO NÃO METÁLICO; PLÁSTICO; ECTFE; PL; ASTM D3275; SDR 21; PN10
TUB-059-M05000		TUBO NÃO METÁLICO; PLÁSTICO; ECTFE; PL; ASTM D3275; SDR 21; PN10
TUB-059-M06300		TUBO NÃO METÁLICO; PLÁSTICO; ECTFE; PL; ASTM D3275; SDR 21; PN10
TUB-059-M07500		TUBO NÃO METÁLICO; PLÁSTICO; ECTFE; PL; ASTM D3275; SDR 21; PN10
TUB-059-M09000		TUBO NÃO METÁLICO; PLÁSTICO; ECTFE; PL; ASTM D3275; SDR 21; PN10
TUB-059-M10000		TUBO NÃO METÁLICO; PLÁSTICO; ECTFE; PL; ASTM D3275; SDR 21; PN10
TUB-059-M11000		TUBO NÃO METÁLICO; PLÁSTICO; ECTFE; PL; ASTM D3275; SDR 21; PN10
TUB-064-120047	Sch 20	TUBO; AC; API 5L GR B PSL1; C/C; PC; POLIET; B36.10
TUB-064-140013	Sch 20	TUBO; AC; API 5L GR B PSL1; C/C; PC; POLIET; B36.10
TUB-064-160012	Sch 20	TUBO; AC; API 5L GR B PSL1; C/C; PC; POLIET; B36.10
TUB-064-180011	Sch 20	TUBO; AC; API 5L GR B PSL1; C/C; PC; POLIET; B36.10
TUB-064-200005	Sch 20	TUBO; AC; API 5L GR B PSL1; C/C; PC; POLIET; B36.10
TUB-064-240004	Sch 20	TUBO; AC; API 5L GR B PSL1; C/C; PC; POLIET; B36.10
TUB-064-260006		TUBO; AC; API 5L GR B PSL1; C/C; PC; POLIET; B36.10
TUB-064-300005		TUBO; AC; API 5L GR B PSL1; C/C; PC; POLIET; B36.10
TUB-064-360001		TUBO; AC; API 5L GR B PSL1; C/C; PC; POLIET; B36.10
TUB-064-380002		TUBO; AC; API 5L GR B PSL1; C/C; PC; POLIET; B36.10
TUB-064-420013		TUBO; AC; API 5L GR B PSL1; C/C; PC; POLIET; B36.10
TUB-064-480006		TUBO; AC; API 5L GR B PSL1; C/C; PC; POLIET; B36.10
TUB-064-500001		TUBO; AC; API 5L GR B PSL1; C/C; PC; POLIET; B36.10
TUB-064-540019		TUBO; AC; API 5L GR B PSL1; C/C; PC; POLIET; B36.10
TUB-064-560001		TUBO; AC; API 5L GR B PSL1; C/C; PC; POLIET; B36.10
TUB-064-600003		TUBO; AC; API 5L GR B PSL1; C/C; PC; POLIET; B36.10
TUB-064-620001		TUBO; AC; API 5L GR B PSL1; C/C; PC; POLIET; B36.10
TUB-064-720001		TUBO; AC; API 5L GR B PSL1; C/C; PC; POLIET; B36.10
TUB-065-015027	Sch 40	TUBO METÁLICO; AC; A333 GR 6; S/C; PC; B36.10
TUB-065-020023	Sch 40	TUBO METÁLICO; AC; A333 GR 6; S/C; PC; B36.10
TUB-065-020041	Sch 80	TUBO METÁLICO; AC; A333 GR 6; S/C; PC; B36.10
TUB-065-030034	Sch 80	TUBO METÁLICO; AC; A333 GR 6; S/C; PC; B36.10
TUB-065-030040	Sch 40	TUBO METÁLICO; AC; A333 GR 6; S/C; PC; B36.10
TUB-065-040018	Sch 80	TUBO METÁLICO; AC; A333 GR 6; S/C; PC; B36.10
TUB-065-040045	Sch 40	TUBO METÁLICO; AC; A333 GR 6; S/C; PC; B36.10
TUB-065-040052	Sch 120	TUBO METÁLICO; AC; A333 GR 6; S/C; PC; B36.10
TUB-065-060014	Sch 80	TUBO METÁLICO; AC; A333 GR 6; S/C; PC; B36.10
TUB-065-060043	Sch 120	TUBO METÁLICO; AC; A333 GR 6; S/C; PC; B36.10
TUB-065-060053	Sch 40	TUBO METÁLICO; AC; A333 GR 6; S/C; PC; B36.10
TUB-065-080008	Sch 20	TUBO METÁLICO; AC; A333 GR 6; S/C; PC; B36.10
TUB-065-080038	Sch 60	TUBO METÁLICO; AC; A333 GR 6; S/C; PC; B36.10
TUB-065-080044	Sch 80	TUBO METÁLICO; AC; A333 GR 6; S/C; PC; B36.10
TUB-065-080057	Sch 120	TUBO METÁLICO; AC; A333 GR 6; S/C; PC; B36.10
TUB-065-080061	Sch 40	TUBO METÁLICO; AC; A333 GR 6; S/C; PC; B36.10
TUB-065-100009	Sch 20	TUBO METÁLICO; AC; A333 GR 6; S/C; PC; B36.10
TUB-065-100044	Sch 60	TUBO METÁLICO; AC; A333 GR 6; S/C; PC; B36.10
TUB-065-100055	Sch 80	TUBO METÁLICO; AC; A333 GR 6; S/C; PC; B36.10
TUB-065-100067	Sch 40	TUBO METÁLICO; AC; A333 GR 6; S/C; PC; B36.10
TUB-065-100071	Sch 120	TUBO METÁLICO; AC; A333 GR 6; S/C; PC; B36.10
TUB-065-120012		TUBO METÁLICO; AC; A333 GR 6; S/C; PC; B36.10
TUB-065-120025	Sch 40	TUBO METÁLICO; AC; A333 GR 6; S/C; PC; B36.10
TUB-065-120047	Sch 20	TUBO METÁLICO; AC; A333 GR 6; S/C; PC; B36.10
TUB-065-120051	Sch 30	TUBO METÁLICO; AC; A333 GR 6; S/C; PC; B36.10
TUB-065-120070	Sch 80	TUBO METÁLICO; AC; A333 GR 6; S/C; PC; B36.10
TUB-065-120078	Sch 60	TUBO METÁLICO; AC; A333 GR 6; S/C; PC; B36.10
TUB-065-120091	Sch 120	TUBO METÁLICO; AC; A333 GR 6; S/C; PC; B36.10
TUB-065-140010	Sch 30	TUBO METÁLICO; AC; A333 GR 6; S/C; PC; B36.10
TUB-065-140013	Sch 20	TUBO METÁLICO; AC; A333 GR 6; S/C; PC; B36.10
TUB-065-140047	Sch 10	TUBO METÁLICO; AC; A333 GR 6; S/C; PC; B36.10
TUB-065-140089	Sch 60	TUBO METÁLICO; AC; A333 GR 6; S/C; PC; B36.10
TUB-065-140999		TUBO METÁLICO; AC; A333 GR 6; S/C; PC; B36.10
TUB-065-160009	Sch 30	TUBO METÁLICO; AC; A333 GR 6; S/C; PC; B36.10
TUB-065-160012	Sch 20	TUBO METÁLICO; AC; A333 GR 6; S/C; PC; B36.10
TUB-065-160030	Sch 40	TUBO METÁLICO; AC; A333 GR 6; S/C; PC; B36.10
TUB-065-160090	Sch 60	TUBO METÁLICO; AC; A333 GR 6; S/C; PC; B36.10
TUB-065-160999		TUBO METÁLICO; AC; A333 GR 6; S/C; PC; B36.10
TUB-065-180006		TUBO METÁLICO; AC; A333 GR 6; S/C; PC; B36.10
TUB-065-180011	Sch 20	TUBO METÁLICO; AC; A333 GR 6; S/C; PC; B36.10
TUB-065-180049		TUBO METÁLICO; AC; A333 GR 6; S/C; PC; B36.10
TUB-065-180054	Sch 30	TUBO METÁLICO; AC; A333 GR 6; S/C; PC; B36.10
TUB-065-180088	Sch 60	TUBO METÁLICO; AC; A333 GR 6; S/C; PC; B36.10
TUB-065-180999		TUBO METÁLICO; AC; A333 GR 6; S/C; PC; B36.10
TUB-065-200005	Sch 20	TUBO METÁLICO; AC; A333 GR 6; S/C; PC; B36.10
TUB-065-200049	Sch 30	TUBO METÁLICO; AC; A333 GR 6; S/C; PC; B36.10
TUB-065-200093	Sch 60	TUBO METÁLICO; AC; A333 GR 6; S/C; PC; B36.10
TUB-065-200999		TUBO METÁLICO; AC; A333 GR 6; S/C; PC; B36.10
TUB-065-240004	Sch 20	TUBO METÁLICO; AC; A333 GR 6; S/C; PC; B36.10
TUB-065-240052	Sch 30	TUBO METÁLICO; AC; A333 GR 6; S/C; PC; B36.10
TUB-065-240082	Sch 60	TUBO METÁLICO; AC; A333 GR 6; S/C; PC; B36.10
TUB-065-240999		TUBO METÁLICO; AC; A333 GR 6; S/C; PC; B36.10
TUB-067-100009	Sch 20	TUBO METÁLICO; AL; A335 GR P1; S/C; PC; B36.10
TUB-070-012000		TUBO NÃO METÁLICO; PLÁSTICO; PVC; RO; NBR-5648; 3,6 MM
TUB-077-002001	Sch 80	TUBO METÁLICO; AC; A106 GR B; S/C; RO; GALV; GALV; B36.10
TUB-077-005027	Sch 80	TUBO METÁLICO; AC; A106 GR B; S/C; RO; GALV; GALV; B36.10
TUB-077-007029	Sch 80	TUBO METÁLICO; AC; A106 GR B; S/C; RO; GALV; GALV; B36.10
TUB-077-010033	Sch 80	TUBO METÁLICO; AC; A106 GR B; S/C; RO; GALV; GALV; B36.10
TUB-077-015037	Sch 80	TUBO METÁLICO; AC; A106 GR B; S/C; RO; GALV; GALV; B36.10
TUB-077-020041	Sch 80	TUBO METÁLICO; AC; A106 GR B; S/C; RO; GALV; GALV; B36.10
TUB-077-030040	Sch 40	TUBO METÁLICO; AC; A106 GR B; S/C; RO; GALV; GALV; B36.10
TUB-077-040045	Sch 40	TUBO METÁLICO; AC; A106 GR B; S/C; RO; GALV; GALV; B36.10
TUB-078-015000		TUBO NÃO METÁLICO; PLÁSTICO; PVC; RO; NBR-5648; 4,0 MM
TUB-082-005025	Sch 160	TUBO METÁLICO; AL; A335 GR P22; S/C; PL; B36.10
TUB-082-005026	Sch 40S	TUBO METÁLICO; AL; A335 GR P22; S/C; PL; B36.10
TUB-082-005999		TUBO METÁLICO; AL; A335 GR P22; S/C; PL; B36.10
TUB-082-007042	Sch 160	TUBO METÁLICO; AL; A335 GR P22; S/C; PL; B36.10
TUB-082-007043	Sch 40S	TUBO METÁLICO; AL; A335 GR P22; S/C; PL; B36.10
TUB-082-007999		TUBO METÁLICO; AL; A335 GR P22; S/C; PL; B36.10
TUB-082-010049	Sch 160	TUBO METÁLICO; AL; A335 GR P22; S/C; PL; B36.10
TUB-082-010050	Sch 40S	TUBO METÁLICO; AL; A335 GR P22; S/C; PL; B36.10
TUB-082-010999		TUBO METÁLICO; AL; A335 GR P22; S/C; PL; B36.10
TUB-082-015025	Sch 160	TUBO METÁLICO; AL; A335 GR P22; S/C; PL; B36.10
TUB-082-015027	Sch 40S	TUBO METÁLICO; AL; A335 GR P22; S/C; PL; B36.10
TUB-082-015056		TUBO METÁLICO; AL; A335 GR P22; S/C; PL; B36.10
TUB-082-015999		TUBO METÁLICO; AL; A335 GR P22; S/C; PL; B36.10
TUB-082-020071	Sch 160	TUBO METÁLICO; AL; A335 GR P22; S/C; PL; B36.10
TUB-082-020083		TUBO METÁLICO; AL; A335 GR P22; S/C; PL; B36.10
TUB-082-020999		TUBO METÁLICO; AL; A335 GR P22; S/C; PL; B36.10
TUB-090-020023	Sch 40	TUBO; AC; A333 GR 1; S/C; PC; B36.10
TUB-090-030040	Sch 40	TUBO; AC; A333 GR 1; S/C; PC; B36.10
TUB-090-040045	Sch 40	TUBO; AC; A333 GR 1; S/C; PC; B36.10
TUB-090-060053	Sch 40	TUBO; AC; A333 GR 1; S/C; PC; B36.10
TUB-090-080061	Sch 40	TUBO; AC; A333 GR 1; S/C; PC; B36.10
TUB-090-100067	Sch 40	TUBO; AC; A333 GR 1; S/C; PC; B36.10
TUB-092-020023	Sch 40S	TUBO METÁLICO; AL; A333 GR 3; S/C; PC; B36.10
TUB-092-020041	Sch 80S	TUBO METÁLICO; AL; A333 GR 3; S/C; PC; B36.10
TUB-092-030034	Sch 80S	TUBO METÁLICO; AL; A333 GR 3; S/C; PC; B36.10
TUB-092-030040	Sch 40S	TUBO METÁLICO; AL; A333 GR 3; S/C; PC; B36.10
TUB-092-040018	Sch 80S	TUBO METÁLICO; AL; A333 GR 3; S/C; PC; B36.10
TUB-092-040045	Sch 40S	TUBO METÁLICO; AL; A333 GR 3; S/C; PC; B36.10
TUB-092-060014	Sch 80S	TUBO METÁLICO; AL; A333 GR 3; S/C; PC; B36.10
TUB-092-060053	Sch 40S	TUBO METÁLICO; AL; A333 GR 3; S/C; PC; B36.10
TUB-092-080061	Sch 40S	TUBO METÁLICO; AL; A333 GR 3; S/C; PC; B36.10
TUB-092-100067	Sch 40S	TUBO METÁLICO; AL; A333 GR 3; S/C; PC; B36.10
TUB-092-120025	Sch 40	TUBO METÁLICO; AL; A333 GR 3; S/C; PC; B36.10
TUB-092-140031	Sch 40	TUBO METÁLICO; AL; A333 GR 3; S/C; PC; B36.10
TUB-092-160030	Sch 80S	TUBO METÁLICO; AL; A333 GR 3; S/C; PC; B36.10
TUB-092-180061	Sch 40	TUBO METÁLICO; AL; A333 GR 3; S/C; PC; B36.10
TUB-096-060053	Sch 40S	TUBO; NI; B162 UNS N02200; C/C; PC; B36.19
TUB-097-020023	Sch 40S	TUBO METÁLICO; NI; B165; S/C; PC; B36.10
TUB-097-030040	Sch 40S	TUBO METÁLICO; NI; B165; S/C; PC; B36.10
TUB-097-040045	Sch 40S	TUBO METÁLICO; NI; B165; S/C; PC; B36.10
TUB-097-060053	Sch 40S	TUBO METÁLICO; NI; B165; S/C; PC; B36.10
TUB-104-002001	Sch 80	TUBO METÁLICO; AC; A106 GR B; S/C; RO; B36.10
TUB-104-005027	Sch 80	TUBO METÁLICO; AC; A106 GR B; S/C; RO; B36.10
TUB-104-007029	Sch 80	TUBO METÁLICO; AC; A106 GR B; S/C; RO; B36.10
TUB-104-010033	Sch 80	TUBO METÁLICO; AC; A106 GR B; S/C; RO; B36.10
TUB-104-015037	Sch 80	TUBO METÁLICO; AC; A106 GR B; S/C; RO; B36.10
TUB-107-001001	Sch 80	TUBO METÁLICO; AC; A106 GR B; S/C; PL; B36.10
TUB-107-002001	Sch 80	TUBO METÁLICO; AC; A106 GR B; S/C; PL; B36.10
TUB-107-004001	Sch 80	TUBO METÁLICO; AC; A106 GR B; S/C; PL; B36.10
TUB-107-005025	Sch 160	TUBO METÁLICO; AC; A106 GR B; S/C; PL; B36.10
TUB-107-005027	Sch 80	TUBO METÁLICO; AC; A106 GR B; S/C; PL; B36.10
TUB-107-005031		TUBO METÁLICO; AC; A106 GR B; S/C; PL; B36.10
TUB-107-007029	Sch 80	TUBO METÁLICO; AC; A106 GR B; S/C; PL; B36.10
TUB-107-007042	Sch 160	TUBO METÁLICO; AC; A106 GR B; S/C; PL; B36.10
TUB-107-007055		TUBO METÁLICO; AC; A106 GR B; S/C; PL; B36.10
TUB-107-010033	Sch 80	TUBO METÁLICO; AC; A106 GR B; S/C; PL; B36.10
TUB-107-010049	Sch 160	TUBO METÁLICO; AC; A106 GR B; S/C; PL; B36.10
TUB-107-010069		TUBO METÁLICO; AC; A106 GR B; S/C; PL; B36.10
TUB-107-015025	Sch 160	TUBO METÁLICO; AC; A106 GR B; S/C; PL; B36.10
TUB-107-015037	Sch 80	TUBO METÁLICO; AC; A106 GR B; S/C; PL; B36.10
TUB-107-015056		TUBO METÁLICO; AC; A106 GR B; S/C; PL; B36.10
TUB-107-020041	Sch 80	TUBO METÁLICO; AC; A106 GR B; S/C; PL; B36.10
TUB-107-020071	Sch 160	TUBO METÁLICO; AC; A106 GR B; S/C; PL; B36.10
TUB-107-020083		TUBO METÁLICO; AC; A106 GR B; S/C; PL; B36.10
TUB-107-030034	Sch 80	TUBO METÁLICO; AC; A106 GR B; S/C; PL; B36.10
TUB-107-030062	Sch 160	TUBO METÁLICO; AC; A106 GR B; S/C; PL; B36.10
TUB-107-040053	Sch 160	TUBO METÁLICO; AC; A106 GR B; S/C; PL; B36.10
TUB-107-060048	Sch 160	TUBO METÁLICO; AC; A106 GR B; S/C; PL; B36.10
TUB-109-001001	Sch 80	TUBO METÁLICO; AC; A333 GR 6; S/C; PL; B36.10
TUB-109-002001	Sch 80	TUBO METÁLICO; AC; A333 GR 6; S/C; PL; B36.10
TUB-109-004001	Sch 80	TUBO METÁLICO; AC; A333 GR 6; S/C; PL; B36.10
TUB-109-005025	Sch 160	TUBO METÁLICO; AC; A333 GR 6; S/C; PL; B36.10
TUB-109-005027	Sch 80	TUBO METÁLICO; AC; A333 GR 6; S/C; PL; B36.10
TUB-109-007029	Sch 80	TUBO METÁLICO; AC; A333 GR 6; S/C; PL; B36.10
TUB-109-007042	Sch 160	TUBO METÁLICO; AC; A333 GR 6; S/C; PL; B36.10
TUB-109-010033	Sch 80	TUBO METÁLICO; AC; A333 GR 6; S/C; PL; B36.10
TUB-109-010049	Sch 160	TUBO METÁLICO; AC; A333 GR 6; S/C; PL; B36.10
TUB-109-015025	Sch 160	TUBO METÁLICO; AC; A333 GR 6; S/C; PL; B36.10
TUB-109-015037	Sch 80	TUBO METÁLICO; AC; A333 GR 6; S/C; PL; B36.10
TUB-109-020041	Sch 80	TUBO METÁLICO; AC; A333 GR 6; S/C; PL; B36.10
TUB-109-030034	Sch 80	TUBO METÁLICO; AC; A333 GR 6; S/C; PL; B36.10
TUB-109-040018	Sch 80	TUBO METÁLICO; AC; A333 GR 6; S/C; PL; B36.10
TUB-109-060014	Sch 80	TUBO METÁLICO; AC; A333 GR 6; S/C; PL; B36.10
TUB-110-005027	Sch 80	TUBO; AC; A333 GR 1; S/C; PL; B36.10
TUB-110-007029	Sch 80	TUBO; AC; A333 GR 1; S/C; PL; B36.10
TUB-110-010033	Sch 80	TUBO; AC; A333 GR 1; S/C; PL; B36.10
TUB-110-015037	Sch 80	TUBO; AC; A333 GR 1; S/C; PL; B36.10
TUB-111-005027	Sch 80S	TUBO METÁLICO; AL; A333 GR 3; S/C; PL; B36.10
TUB-111-007029	Sch 80S	TUBO METÁLICO; AL; A333 GR 3; S/C; PL; B36.10
TUB-111-010033	Sch 80S	TUBO METÁLICO; AL; A333 GR 3; S/C; PL; B36.10
TUB-111-015037	Sch 80S	TUBO METÁLICO; AL; A333 GR 3; S/C; PL; B36.10
TUB-112-005025	Sch 160	TUBO METÁLICO; AL; A335 GR P11; S/C; PL; B36.10
TUB-112-005026	Sch 40S	TUBO METÁLICO; AL; A335 GR P11; S/C; PL; B36.10
TUB-112-005027	Sch 80S	TUBO METÁLICO; AL; A335 GR P11; S/C; PL; B36.10
TUB-112-007029	Sch 80S	TUBO METÁLICO; AL; A335 GR P11; S/C; PL; B36.10
TUB-112-007042	Sch 160	TUBO METÁLICO; AL; A335 GR P11; S/C; PL; B36.10
TUB-112-007043	Sch 40S	TUBO METÁLICO; AL; A335 GR P11; S/C; PL; B36.10
TUB-112-010033	Sch 80S	TUBO METÁLICO; AL; A335 GR P11; S/C; PL; B36.10
TUB-112-010049	Sch 160	TUBO METÁLICO; AL; A335 GR P11; S/C; PL; B36.10
TUB-112-015025	Sch 160	TUBO METÁLICO; AL; A335 GR P11; S/C; PL; B36.10
TUB-112-015037	Sch 80S	TUBO METÁLICO; AL; A335 GR P11; S/C; PL; B36.10
TUB-112-020041	Sch 80S	TUBO METÁLICO; AL; A335 GR P11; S/C; PL; B36.10
TUB-112-020071	Sch 160	TUBO METÁLICO; AL; A335 GR P11; S/C; PL; B36.10
TUB-113-005027	Sch 80S	TUBO METÁLICO; AL; A335 GR P91; S/C; PL; B36.10
TUB-113-007029	Sch 80S	TUBO METÁLICO; AL; A335 GR P91; S/C; PL; B36.10
TUB-113-010033	Sch 80S	TUBO METÁLICO; AL; A335 GR P91; S/C; PL; B36.10
TUB-113-015025	Sch 160	TUBO METÁLICO; AL; A335 GR P91; S/C; PL; B36.10
TUB-114-001001	Sch 80S	TUBO METÁLICO; AI; A312 GR TP304; S/C; PL; B36.19
TUB-114-001002	Sch 40S	TUBO METÁLICO; AI; A312 GR TP304; S/C; PL; B36.19
TUB-114-002001	Sch 80S	TUBO METÁLICO; AI; A312 GR TP304; S/C; PL; B36.19
TUB-114-002003	Sch 40S	TUBO METÁLICO; AI; A312 GR TP304; S/C; PL; B36.19
TUB-114-004003	Sch 40S	TUBO METÁLICO; AI; A312 GR TP304; S/C; PL; B36.19
TUB-114-005026	Sch 40S	TUBO METÁLICO; AI; A312 GR TP304; S/C; PL; B36.19
TUB-114-005027	Sch 80S	TUBO METÁLICO; AI; A312 GR TP304; S/C; PL; B36.19
TUB-114-005028	Sch 10S	TUBO METÁLICO; AI; A312 GR TP304; S/C; PL; B36.19
TUB-114-007029	Sch 80S	TUBO METÁLICO; AI; A312 GR TP304; S/C; PL; B36.19
TUB-114-007043	Sch 40S	TUBO METÁLICO; AI; A312 GR TP304; S/C; PL; B36.19
TUB-114-007045	Sch 10S	TUBO METÁLICO; AI; A312 GR TP304; S/C; PL; B36.19
TUB-114-010033	Sch 80S	TUBO METÁLICO; AI; A312 GR TP304; S/C; PL; B36.19
TUB-114-010050	Sch 40S	TUBO METÁLICO; AI; A312 GR TP304; S/C; PL; B36.19
TUB-114-010053	Sch 10S	TUBO METÁLICO; AI; A312 GR TP304; S/C; PL; B36.19
TUB-114-015027	Sch 40S	TUBO METÁLICO; AI; A312 GR TP304; S/C; PL; B36.19
TUB-114-015037	Sch 80S	TUBO METÁLICO; AI; A312 GR TP304; S/C; PL; B36.19
TUB-114-020023	Sch 40S	TUBO METÁLICO; AI; A312 GR TP304; S/C; PL; B36.19
TUB-114-030040	Sch 40S	TUBO METÁLICO; AI; A312 GR TP304; S/C; PL; B36.19
TUB-114-040045	Sch 40S	TUBO METÁLICO; AI; A312 GR TP304; S/C; PL; B36.19
TUB-114-060053	Sch 40S	TUBO METÁLICO; AI; A312 GR TP304; S/C; PL; B36.19
TUB-114-080061	Sch 40S	TUBO METÁLICO; AI; A312 GR TP304; S/C; PL; B36.19
TUB-114-100067	Sch 40S	TUBO METÁLICO; AI; A312 GR TP304; S/C; PL; B36.19
TUB-116-005027	Sch 80S	TUBO METÁLICO; NI; B165; S/C; PL; B36.10
TUB-116-007029	Sch 80S	TUBO METÁLICO; NI; B165; S/C; PL; B36.10
TUB-116-010033	Sch 80S	TUBO METÁLICO; NI; B165; S/C; PL; B36.10
TUB-116-015037	Sch 80S	TUBO METÁLICO; NI; B165; S/C; PL; B36.10
TUB-116-020041	Sch 80S	TUBO METÁLICO; NI; B165; S/C; PL; B36.10
TUB-124-020000		TUBO NÃO METÁLICO; PLÁSTICO; PVC; PB; NBR-5648; 3,3 MM
TUB-126-030000		TUBO NÃO METÁLICO; PLÁSTICO; PVC; PB; NBR-5648; 4,7 MM
TUB-132-020071	Sch 160	TUBO METÁLICO; AL; A335 GR P91; S/C; PC; B36.10
TUB-132-030062	Sch 160	TUBO METÁLICO; AL; A335 GR P91; S/C; PC; B36.10
TUB-132-040052	Sch 120	TUBO METÁLICO; AL; A335 GR P91; S/C; PC; B36.10
TUB-132-060043	Sch 120	TUBO METÁLICO; AL; A335 GR P91; S/C; PC; B36.10
TUB-132-080057	Sch 120	TUBO METÁLICO; AL; A335 GR P91; S/C; PC; B36.10
TUB-132-100071	Sch 120	TUBO METÁLICO; AL; A335 GR P91; S/C; PC; B36.10
TUB-132-120091		TUBO METÁLICO; AL; A335 GR P91; S/C; PC; B36.10
TUB-132-140109	Sch 120	TUBO METÁLICO; AL; A335 GR P91; S/C; PC; B36.10
TUB-132-160110	Sch 120	TUBO METÁLICO; AL; A335 GR P91; S/C; PC; B36.10
TUB-132-180108	Sch 120	TUBO METÁLICO; AL; A335 GR P91; S/C; PC; B36.10
TUB-132-200121	Sch 120	TUBO METÁLICO; AL; A335 GR P91; S/C; PC; B36.10
TUB-133-040000		TUBO NÃO METÁLICO; PLÁSTICO; PVC; PB; NBR-5648; 6,1 MM
TUB-144-140010	Sch 30	TUBO; AC; API 5L GR B PSL1; C/C; PC; PTFE; B36.10
TUB-144-160009	Sch 30	TUBO; AC; API 5L GR B PSL1; C/C; PC; PTFE; B36.10
TUB-144-180006		TUBO; AC; API 5L GR B PSL1; C/C; PC; PTFE; B36.10
TUB-144-200005	Sch 20	TUBO; AC; API 5L GR B PSL1; C/C; PC; PTFE; B36.10
TUB-147-240004	Sch 20	TUBO; AC; A672 GR L65 CL 22; C/C; PC; B36.10
TUB-147-260006		TUBO; AC; A672 GR L65 CL 22; C/C; PC; B36.10
TUB-147-300005		TUBO; AC; A672 GR L65 CL 22; C/C; PC; B36.10
TUB-147-360001		TUBO; AC; A672 GR L65 CL 22; C/C; PC; B36.10
TUB-158-080060		TUBO METÁLICO; AC; A106 GR C; S/C; PC; B36.10
TUB-158-080072		TUBO METÁLICO; AC; A106 GR C; S/C; PC; B36.10
TUB-158-100076	Sch 140	TUBO METÁLICO; AC; A106 GR C; S/C; PC; B36.10
TUB-158-100091		TUBO METÁLICO; AC; A106 GR C; S/C; PC; B36.10
TUB-164-002001	Sch 80S	TUBO; AI; A312 GR TP304; C/C; PL; B36.19
TUB-164-004001	Sch 80S	TUBO; AI; A312 GR TP304; C/C; PL; B36.19
TUB-164-005024	Sch 5S	TUBO; AI; A312 GR TP304; C/C; PL; B36.19
TUB-164-005027	Sch 80S	TUBO; AI; A312 GR TP304; C/C; PL; B36.19
TUB-164-005028	Sch 10S	TUBO; AI; A312 GR TP304; C/C; PL; B36.19
TUB-164-007029	Sch 80S	TUBO; AI; A312 GR TP304; C/C; PL; B36.19
TUB-164-007041	Sch 5S	TUBO; AI; A312 GR TP304; C/C; PL; B36.19
TUB-164-007045	Sch 10S	TUBO; AI; A312 GR TP304; C/C; PL; B36.19
TUB-164-010033	Sch 80S	TUBO; AI; A312 GR TP304; C/C; PL; B36.19
TUB-164-010050	Sch 40S	TUBO; AI; A312 GR TP304; C/C; PL; B36.19
TUB-164-010053	Sch 10S	TUBO; AI; A312 GR TP304; C/C; PL; B36.19
TUB-164-010054	Sch 5S	TUBO; AI; A312 GR TP304; C/C; PL; B36.19
TUB-164-015027	Sch 40S	TUBO; AI; A312 GR TP304; C/C; PL; B36.19
TUB-164-015034	Sch 5S	TUBO; AI; A312 GR TP304; C/C; PL; B36.19
TUB-164-015035	Sch 10S	TUBO; AI; A312 GR TP304; C/C; PL; B36.19
TUB-164-015037	Sch 80S	TUBO; AI; A312 GR TP304; C/C; PL; B36.19
TUB-164-020035	Sch 10S	TUBO; AI; A312 GR TP304; C/C; PL; B36.19
TUB-164-020041	Sch 80S	TUBO; AI; A312 GR TP304; C/C; PL; B36.19
TUB-164-025024	Sch 10S	TUBO; AI; A312 GR TP304; C/C; PL; B36.19
TUB-164-030032	Sch 10S	TUBO; AI; A312 GR TP304; C/C; PL; B36.19
TUB-164-040016	Sch 10S	TUBO; AI; A312 GR TP304; C/C; PL; B36.19
TUB-164-060009	Sch 10S	TUBO; AI; A312 GR TP304; C/C; PL; B36.19
TUB-164-080011	Sch 10S	TUBO; AI; A312 GR TP304; C/C; PL; B36.19
TUB-164-100030	Sch 10S	TUBO; AI; A312 GR TP304; C/C; PL; B36.19
TUB-164-120034	Sch 10S	TUBO; AI; A312 GR TP304; C/C; PL; B36.19
TUB-164-140037	Sch 10S	TUBO; AI; A312 GR TP304; C/C; PL; B36.19
TUB-164-160041	Sch 10S	TUBO; AI; A312 GR TP304; C/C; PL; B36.19
TUB-164-180032	Sch 10S	TUBO; AI; A312 GR TP304; C/C; PL; B36.19
TUB-164-200034	Sch 10S	TUBO; AI; A312 GR TP304; C/C; PL; B36.19
TUB-164-240047	Sch 10S	TUBO; AI; A312 GR TP304; C/C; PL; B36.19
TUB-165-005026	Sch 40S	TUBO; AI; A312 GR TP304L; C/C; PL; B36.19
TUB-165-005028	Sch 10S	TUBO; AI; A312 GR TP304L; C/C; PL; B36.19
TUB-165-007043	Sch 40S	TUBO; AI; A312 GR TP304L; C/C; PL; B36.19
TUB-165-007045	Sch 10S	TUBO; AI; A312 GR TP304L; C/C; PL; B36.19
TUB-165-010050	Sch 40S	TUBO; AI; A312 GR TP304L; C/C; PL; B36.19
TUB-165-010053	Sch 10S	TUBO; AI; A312 GR TP304L; C/C; PL; B36.19
TUB-165-015027	Sch 40S	TUBO; AI; A312 GR TP304L; C/C; PL; B36.19
TUB-165-015035	Sch 10S	TUBO; AI; A312 GR TP304L; C/C; PL; B36.19
TUB-165-020035	Sch 10S	TUBO; AI; A312 GR TP304L; C/C; PL; B36.19
TUB-165-030032	Sch 10S	TUBO; AI; A312 GR TP304L; C/C; PL; B36.19
TUB-165-040016	Sch 10S	TUBO; AI; A312 GR TP304L; C/C; PL; B36.19
TUB-166-005026	Sch 40S	TUBO METÁLICO; AI; A312 GR TP316L; S/C; PL; B36.19
TUB-166-005027	Sch 80S	TUBO METÁLICO; AI; A312 GR TP316L; S/C; PL; B36.19
TUB-166-005028	Sch 10S	TUBO METÁLICO; AI; A312 GR TP316L; S/C; PL; B36.19
TUB-166-007029	Sch 80S	TUBO METÁLICO; AI; A312 GR TP316L; S/C; PL; B36.19
TUB-166-007043	Sch 40S	TUBO METÁLICO; AI; A312 GR TP316L; S/C; PL; B36.19
TUB-166-007045	Sch 10S	TUBO METÁLICO; AI; A312 GR TP316L; S/C; PL; B36.19
TUB-166-010033	Sch 80S	TUBO METÁLICO; AI; A312 GR TP316L; S/C; PL; B36.19
TUB-166-010050	Sch 40S	TUBO METÁLICO; AI; A312 GR TP316L; S/C; PL; B36.19
TUB-166-010053	Sch 10S	TUBO METÁLICO; AI; A312 GR TP316L; S/C; PL; B36.19
TUB-166-015027	Sch 40S	TUBO METÁLICO; AI; A312 GR TP316L; S/C; PL; B36.19
TUB-166-015035	Sch 10S	TUBO METÁLICO; AI; A312 GR TP316L; S/C; PL; B36.19
TUB-166-015037	Sch 80S	TUBO METÁLICO; AI; A312 GR TP316L; S/C; PL; B36.19
TUB-166-020023	Sch 40S	TUBO METÁLICO; AI; A312 GR TP316L; S/C; PL; B36.19
TUB-166-020035	Sch 10S	TUBO METÁLICO; AI; A312 GR TP316L; S/C; PL; B36.19
TUB-166-020041	Sch 80S	TUBO METÁLICO; AI; A312 GR TP316L; S/C; PL; B36.19
TUB-166-025024	Sch 10S	TUBO METÁLICO; AI; A312 GR TP316L; S/C; PL; B36.19
TUB-166-030032	Sch 10S	TUBO METÁLICO; AI; A312 GR TP316L; S/C; PL; B36.19
TUB-166-040016	Sch 10S	TUBO METÁLICO; AI; A312 GR TP316L; S/C; PL; B36.19
TUB-167-005028	Sch 10S	TUBO METÁLICO; AI; AI SANDVIK SAF 2205; S/C; PC; B36.19
TUB-167-007045	Sch 10S	TUBO METÁLICO; AI; AI SANDVIK SAF 2205; S/C; PC; B36.19
TUB-167-010053	Sch 10S	TUBO METÁLICO; AI; AI SANDVIK SAF 2205; S/C; PC; B36.19
TUB-167-015035	Sch 10S	TUBO METÁLICO; AI; AI SANDVIK SAF 2205; S/C; PC; B36.19
TUB-167-020035	Sch 10S	TUBO METÁLICO; AI; AI SANDVIK SAF 2205; S/C; PC; B36.19
TUB-167-030032	Sch 10S	TUBO METÁLICO; AI; AI SANDVIK SAF 2205; S/C; PC; B36.19
TUB-167-040016	Sch 10S	TUBO METÁLICO; AI; AI SANDVIK SAF 2205; S/C; PC; B36.19
TUB-167-060009	Sch 10S	TUBO METÁLICO; AI; AI SANDVIK SAF 2205; S/C; PC; B36.19
TUB-167-080011	Sch 10S	TUBO METÁLICO; AI; AI SANDVIK SAF 2205; S/C; PC; B36.19
TUB-167-100030	Sch 10S	TUBO METÁLICO; AI; AI SANDVIK SAF 2205; S/C; PC; B36.19
TUB-167-120034	Sch 10S	TUBO METÁLICO; AI; AI SANDVIK SAF 2205; S/C; PC; B36.19
TUB-167-140037	Sch 10S	TUBO METÁLICO; AI; AI SANDVIK SAF 2205; S/C; PC; B36.19
TUB-167-160041	Sch 10S	TUBO METÁLICO; AI; AI SANDVIK SAF 2205; S/C; PC; B36.19
TUB-168-005026	Sch 40S	TUBO; AI; A312 GR TP304; C/C; PC; B36.19
TUB-168-005027	Sch 80S	TUBO; AI; A312 GR TP304; C/C; PC; B36.19
TUB-168-007029	Sch 80S	TUBO; AI; A312 GR TP304; C/C; PC; B36.19
TUB-168-007043	Sch 40S	TUBO; AI; A312 GR TP304; C/C; PC; B36.19
TUB-168-010033	Sch 80S	TUBO; AI; A312 GR TP304; C/C; PC; B36.19
TUB-168-010050	Sch 40S	TUBO; AI; A312 GR TP304; C/C; PC; B36.19
TUB-168-010053	Sch 10S	TUBO; AI; A312 GR TP304; C/C; PC; B36.19
TUB-168-012023	Sch 40S	TUBO; AI; A312 GR TP304; C/C; PC; B36.19
TUB-168-015027	Sch 40S	TUBO; AI; A312 GR TP304; C/C; PC; B36.19
TUB-168-015035	Sch 10S	TUBO; AI; A312 GR TP304; C/C; PC; B36.19
TUB-168-015037	Sch 80S	TUBO; AI; A312 GR TP304; C/C; PC; B36.19
TUB-168-020023	Sch 40S	TUBO; AI; A312 GR TP304; C/C; PC; B36.19
TUB-168-020035	Sch 10S	TUBO; AI; A312 GR TP304; C/C; PC; B36.19
TUB-168-020053	Sch 5S	TUBO; AI; A312 GR TP304; C/C; PC; B36.19
TUB-168-025024	Sch 10S	TUBO; AI; A312 GR TP304; C/C; PC; B36.19
TUB-168-025029	Sch 5S	TUBO; AI; A312 GR TP304; C/C; PC; B36.19
TUB-168-025031	Sch 40S	TUBO; AI; A312 GR TP304; C/C; PC; B36.19
TUB-168-030032	Sch 10S	TUBO; AI; A312 GR TP304; C/C; PC; B36.19
TUB-168-030040	Sch 40S	TUBO; AI; A312 GR TP304; C/C; PC; B36.19
TUB-168-030042	Sch 5S	TUBO; AI; A312 GR TP304; C/C; PC; B36.19
TUB-168-040016	Sch 10S	TUBO; AI; A312 GR TP304; C/C; PC; B36.19
TUB-168-040027	Sch 5S	TUBO; AI; A312 GR TP304; C/C; PC; B36.19
TUB-168-040045	Sch 40S	TUBO; AI; A312 GR TP304; C/C; PC; B36.19
TUB-168-060009	Sch 10S	TUBO; AI; A312 GR TP304; C/C; PC; B36.19
TUB-168-060014	Sch 80S	TUBO; AI; A312 GR TP304; C/C; PC; B36.19
TUB-168-060024	Sch 5S	TUBO; AI; A312 GR TP304; C/C; PC; B36.19
TUB-168-060053	Sch 40S	TUBO; AI; A312 GR TP304; C/C; PC; B36.19
TUB-168-080011	Sch 10S	TUBO; AI; A312 GR TP304; C/C; PC; B36.19
TUB-168-080027	Sch 5S	TUBO; AI; A312 GR TP304; C/C; PC; B36.19
TUB-168-080044	Sch 80S	TUBO; AI; A312 GR TP304; C/C; PC; B36.19
TUB-168-080061	Sch 40S	TUBO; AI; A312 GR TP304; C/C; PC; B36.19
TUB-168-100029	Sch 5S	TUBO; AI; A312 GR TP304; C/C; PC; B36.19
TUB-168-100030	Sch 10S	TUBO; AI; A312 GR TP304; C/C; PC; B36.19
TUB-168-100044	Sch 80S	TUBO; AI; A312 GR TP304; C/C; PC; B36.19
TUB-168-100067	Sch 40S	TUBO; AI; A312 GR TP304; C/C; PC; B36.19
TUB-168-120012	Sch 40S	TUBO; AI; A312 GR TP304; C/C; PC; B36.19
TUB-168-120033	Sch 5S	TUBO; AI; A312 GR TP304; C/C; PC; B36.19
TUB-168-120034	Sch 10S	TUBO; AI; A312 GR TP304; C/C; PC; B36.19
TUB-168-120999		TUBO; AI; A312 GR TP304; C/C; PC; B36.19
TUB-168-140037	Sch 10S	TUBO; AI; A312 GR TP304; C/C; PC; B36.19
TUB-168-140053	Sch 5S	TUBO; AI; A312 GR TP304; C/C; PC; B36.19
TUB-168-160041	Sch 10S	TUBO; AI; A312 GR TP304; C/C; PC; B36.19
TUB-168-160055	Sch 5S	TUBO; AI; A312 GR TP304; C/C; PC; B36.19
TUB-168-180032	Sch 10S	TUBO; AI; A312 GR TP304; C/C; PC; B36.19
TUB-168-180042	Sch 5S	TUBO; AI; A312 GR TP304; C/C; PC; B36.19
TUB-168-200034	Sch 10S	TUBO; AI; A312 GR TP304; C/C; PC; B36.19
TUB-168-200042	Sch 5S	TUBO; AI; A312 GR TP304; C/C; PC; B36.19
TUB-168-240036	Sch 5S	TUBO; AI; A312 GR TP304; C/C; PC; B36.19
TUB-168-240047	Sch 10S	TUBO; AI; A312 GR TP304; C/C; PC; B36.19
TUB-168-300001	Sch 10S	TUBO; AI; A312 GR TP304; C/C; PC; B36.19
TUB-169-020035	Sch 10S	TUBO; AI; A312 GR TP304L; C/C; PC; B36.19
TUB-169-030032	Sch 10S	TUBO; AI; A312 GR TP304L; C/C; PC; B36.19
TUB-169-040016	Sch 10S	TUBO; AI; A312 GR TP304L; C/C; PC; B36.19
TUB-169-060009	Sch 10S	TUBO; AI; A312 GR TP304L; C/C; PC; B36.19
TUB-169-060053	Sch 40S	TUBO; AI; A312 GR TP304L; C/C; PC; B36.19
TUB-169-080011	Sch 10S	TUBO; AI; A312 GR TP304L; C/C; PC; B36.19
TUB-169-080211		TUBO; AI; A312 GR TP304L; C/C; PC; B36.19
TUB-169-100030	Sch 10S	TUBO; AI; A312 GR TP304L; C/C; PC; B36.19
TUB-169-100223		TUBO; AI; A312 GR TP304L; C/C; PC; B36.19
TUB-169-120034	Sch 10S	TUBO; AI; A312 GR TP304L; C/C; PC; B36.19
TUB-169-120047	Sch 20	TUBO; AI; A312 GR TP304L; C/C; PC; B36.19
TUB-169-120274		TUBO; AI; A312 GR TP304L; C/C; PC; B36.19
TUB-169-140013	Sch 20	TUBO; AI; A312 GR TP304L; C/C; PC; B36.19
TUB-169-140037	Sch 10S	TUBO; AI; A312 GR TP304L; C/C; PC; B36.19
TUB-169-140047	Sch 10	TUBO; AI; A312 GR TP304L; C/C; PC; B36.19
TUB-169-160012	Sch 20	TUBO; AI; A312 GR TP304L; C/C; PC; B36.19
TUB-169-160041	Sch 10S	TUBO; AI; A312 GR TP304L; C/C; PC; B36.19
TUB-169-160047	Sch 10	TUBO; AI; A312 GR TP304L; C/C; PC; B36.19
TUB-169-180032	Sch 10S	TUBO; AI; A312 GR TP304L; C/C; PC; B36.19
TUB-169-180047	Sch 10	TUBO; AI; A312 GR TP304L; C/C; PC; B36.19
TUB-169-180049	Sch 80S	TUBO; AI; A312 GR TP304L; C/C; PC; B36.19
TUB-169-200034	Sch 10S	TUBO; AI; A312 GR TP304L; C/C; PC; B36.19
TUB-169-200049	Sch 80S	TUBO; AI; A312 GR TP304L; C/C; PC; B36.19
TUB-169-200133		TUBO; AI; A312 GR TP304L; C/C; PC; B36.19
TUB-169-240047	Sch 10S	TUBO; AI; A312 GR TP304L; C/C; PC; B36.19
TUB-169-240062	Sch 80S	TUBO; AI; A312 GR TP304L; C/C; PC; B36.19
TUB-169-240114		TUBO; AI; A312 GR TP304L; C/C; PC; B36.19
TUB-170-015025	Sch 160	TUBO METÁLICO; AI; A312 GR TP304L; S/C; PC; B36.19
TUB-170-020023	Sch 40S	TUBO METÁLICO; AI; A312 GR TP304L; S/C; PC; B36.19
TUB-170-020041	Sch 80S	TUBO METÁLICO; AI; A312 GR TP304L; S/C; PC; B36.19
TUB-170-020071	Sch 160	TUBO METÁLICO; AI; A312 GR TP304L; S/C; PC; B36.19
TUB-170-030032	Sch 10S	TUBO METÁLICO; AI; A312 GR TP304L; S/C; PC; B36.19
TUB-170-030034	Sch 80S	TUBO METÁLICO; AI; A312 GR TP304L; S/C; PC; B36.19
TUB-170-040016	Sch 10S	TUBO METÁLICO; AI; A312 GR TP304L; S/C; PC; B36.19
TUB-170-040018	Sch 80S	TUBO METÁLICO; AI; A312 GR TP304L; S/C; PC; B36.19
TUB-170-060009	Sch 10S	TUBO METÁLICO; AI; A312 GR TP304L; S/C; PC; B36.19
TUB-170-060043	Sch 120	TUBO METÁLICO; AI; A312 GR TP304L; S/C; PC; B36.19
TUB-170-080011	Sch 10S	TUBO METÁLICO; AI; A312 GR TP304L; S/C; PC; B36.19
TUB-170-080057	Sch 120	TUBO METÁLICO; AI; A312 GR TP304L; S/C; PC; B36.19
TUB-170-100030	Sch 10S	TUBO METÁLICO; AI; A312 GR TP304L; S/C; PC; B36.19
TUB-170-100071	Sch 120	TUBO METÁLICO; AI; A312 GR TP304L; S/C; PC; B36.19
TUB-170-120047	Sch 20	TUBO METÁLICO; AI; A312 GR TP304L; S/C; PC; B36.19
TUB-170-120091		TUBO METÁLICO; AI; A312 GR TP304L; S/C; PC; B36.19
TUB-170-140047	Sch 10	TUBO METÁLICO; AI; A312 GR TP304L; S/C; PC; B36.19
TUB-170-140109	Sch 120	TUBO METÁLICO; AI; A312 GR TP304L; S/C; PC; B36.19
TUB-170-160047	Sch 10	TUBO METÁLICO; AI; A312 GR TP304L; S/C; PC; B36.19
TUB-170-180047	Sch 10	TUBO METÁLICO; AI; A312 GR TP304L; S/C; PC; B36.19
TUB-170-200133		TUBO METÁLICO; AI; A312 GR TP304L; S/C; PC; B36.19
TUB-170-240114		TUBO METÁLICO; AI; A312 GR TP304L; S/C; PC; B36.19
TUB-171-005027	Sch 80S	TUBO METÁLICO; AI; A312 GR TP316L; C/C; PC; B36.19
TUB-171-007029	Sch 80S	TUBO METÁLICO; AI; A312 GR TP316L; C/C; PC; B36.19
TUB-171-010033	Sch 80S	TUBO METÁLICO; AI; A312 GR TP316L; C/C; PC; B36.19
TUB-171-010053	Sch 10S	TUBO METÁLICO; AI; A312 GR TP316L; C/C; PC; B36.19
TUB-171-015035	Sch 10S	TUBO METÁLICO; AI; A312 GR TP316L; C/C; PC; B36.19
TUB-171-015037	Sch 80S	TUBO METÁLICO; AI; A312 GR TP316L; C/C; PC; B36.19
TUB-171-020023	Sch 40S	TUBO METÁLICO; AI; A312 GR TP316L; C/C; PC; B36.19
TUB-171-020035	Sch 10S	TUBO METÁLICO; AI; A312 GR TP316L; C/C; PC; B36.19
TUB-171-020041	Sch 80S	TUBO METÁLICO; AI; A312 GR TP316L; C/C; PC; B36.19
TUB-171-030032	Sch 10S	TUBO METÁLICO; AI; A312 GR TP316L; C/C; PC; B36.19
TUB-171-030034	Sch 80S	TUBO METÁLICO; AI; A312 GR TP316L; C/C; PC; B36.19
TUB-171-030040	Sch 40S	TUBO METÁLICO; AI; A312 GR TP316L; C/C; PC; B36.19
TUB-171-030042	Sch 5S	TUBO METÁLICO; AI; A312 GR TP316L; C/C; PC; B36.19
TUB-171-040016	Sch 10S	TUBO METÁLICO; AI; A312 GR TP316L; C/C; PC; B36.19
TUB-171-040018	Sch 80S	TUBO METÁLICO; AI; A312 GR TP316L; C/C; PC; B36.19
TUB-171-040027	Sch 5S	TUBO METÁLICO; AI; A312 GR TP316L; C/C; PC; B36.19
TUB-171-040045	Sch 40S	TUBO METÁLICO; AI; A312 GR TP316L; C/C; PC; B36.19
TUB-171-060009	Sch 10S	TUBO METÁLICO; AI; A312 GR TP316L; C/C; PC; B36.19
TUB-171-060024	Sch 5S	TUBO METÁLICO; AI; A312 GR TP316L; C/C; PC; B36.19
TUB-171-060043	Sch 120	TUBO METÁLICO; AI; A312 GR TP316L; C/C; PC; B36.19
TUB-171-060053	Sch 40S	TUBO METÁLICO; AI; A312 GR TP316L; C/C; PC; B36.19
TUB-171-080011	Sch 10S	TUBO METÁLICO; AI; A312 GR TP316L; C/C; PC; B36.19
TUB-171-080057	Sch 120	TUBO METÁLICO; AI; A312 GR TP316L; C/C; PC; B36.19
TUB-171-080061	Sch 40S	TUBO METÁLICO; AI; A312 GR TP316L; C/C; PC; B36.19
TUB-171-100030	Sch 10S	TUBO METÁLICO; AI; A312 GR TP316L; C/C; PC; B36.19
TUB-171-100067	Sch 40S	TUBO METÁLICO; AI; A312 GR TP316L; C/C; PC; B36.19
TUB-171-100071	Sch 120	TUBO METÁLICO; AI; A312 GR TP316L; C/C; PC; B36.19
TUB-171-120034	Sch 10S	TUBO METÁLICO; AI; A312 GR TP316L; C/C; PC; B36.19
TUB-171-120047	Sch 20	TUBO METÁLICO; AI; A312 GR TP316L; C/C; PC; B36.19
TUB-171-120091		TUBO METÁLICO; AI; A312 GR TP316L; C/C; PC; B36.19
TUB-171-120274		TUBO METÁLICO; AI; A312 GR TP316L; C/C; PC; B36.19
TUB-171-140013	Sch 20	TUBO METÁLICO; AI; A312 GR TP316L; C/C; PC; B36.19
TUB-171-140037	Sch 10S	TUBO METÁLICO; AI; A312 GR TP316L; C/C; PC; B36.19
TUB-171-140047	Sch 10	TUBO METÁLICO; AI; A312 GR TP316L; C/C; PC; B36.19
TUB-171-140109	Sch 120	TUBO METÁLICO; AI; A312 GR TP316L; C/C; PC; B36.19
TUB-171-160012	Sch 20	TUBO METÁLICO; AI; A312 GR TP316L; C/C; PC; B36.19
TUB-171-160047	Sch 10	TUBO METÁLICO; AI; A312 GR TP316L; C/C; PC; B36.19
TUB-171-180006	Sch 40S	TUBO METÁLICO; AI; A312 GR TP316L; C/C; PC; B36.19
TUB-171-180047	Sch 10	TUBO METÁLICO; AI; A312 GR TP316L; C/C; PC; B36.19
TUB-171-200047	Sch 10	TUBO METÁLICO; AI; A312 GR TP316L; C/C; PC; B36.19
TUB-171-200049	Sch 80S	TUBO METÁLICO; AI; A312 GR TP316L; C/C; PC; B36.19
TUB-171-240047	Sch 10S	TUBO METÁLICO; AI; A312 GR TP316L; C/C; PC; B36.19
TUB-171-240062	Sch 80S	TUBO METÁLICO; AI; A312 GR TP316L; C/C; PC; B36.19
TUB-171-300999		TUBO METÁLICO; AI; A312 GR TP316L; C/C; PC; B36.19
TUB-172-140037	Sch 10S	TUBO; AI; A409 GR TP304L; C/C; PC; B36.19
TUB-172-160041	Sch 10S	TUBO; AI; A409 GR TP304L; C/C; PC; B36.19
TUB-172-180032	Sch 10S	TUBO; AI; A409 GR TP304L; C/C; PC; B36.19
TUB-172-200034	Sch 10S	TUBO; AI; A409 GR TP304L; C/C; PC; B36.19
TUB-172-240047	Sch 10S	TUBO; AI; A409 GR TP304L; C/C; PC; B36.19
TUB-174-010050	Sch 40S	TUBO METÁLICO; ALU; B241 TP 6063 T6; S/C; PC; B36.19
TUB-174-010053	Sch 10S	TUBO METÁLICO; ALU; B241 TP 6063 T6; S/C; PC; B36.19
TUB-174-015027	Sch 40S	TUBO METÁLICO; ALU; B241 TP 6063 T6; S/C; PC; B36.19
TUB-174-015035	Sch 10S	TUBO METÁLICO; ALU; B241 TP 6063 T6; S/C; PC; B36.19
TUB-174-020023	Sch 40S	TUBO METÁLICO; ALU; B241 TP 6063 T6; S/C; PC; B36.19
TUB-174-020035	Sch 10S	TUBO METÁLICO; ALU; B241 TP 6063 T6; S/C; PC; B36.19
TUB-174-030032	Sch 10S	TUBO METÁLICO; ALU; B241 TP 6063 T6; S/C; PC; B36.19
TUB-174-030040	Sch 40S	TUBO METÁLICO; ALU; B241 TP 6063 T6; S/C; PC; B36.19
TUB-174-040016	Sch 10S	TUBO METÁLICO; ALU; B241 TP 6063 T6; S/C; PC; B36.19
TUB-174-040045	Sch 40S	TUBO METÁLICO; ALU; B241 TP 6063 T6; S/C; PC; B36.19
TUB-174-060009	Sch 10S	TUBO METÁLICO; ALU; B241 TP 6063 T6; S/C; PC; B36.19
TUB-174-060053	Sch 40S	TUBO METÁLICO; ALU; B241 TP 6063 T6; S/C; PC; B36.19
TUB-174-080011	Sch 10S	TUBO METÁLICO; ALU; B241 TP 6063 T6; S/C; PC; B36.19
TUB-174-080061	Sch 40S	TUBO METÁLICO; ALU; B241 TP 6063 T6; S/C; PC; B36.19
TUB-174-100030	Sch 10S	TUBO METÁLICO; ALU; B241 TP 6063 T6; S/C; PC; B36.19
TUB-174-100067	Sch 40S	TUBO METÁLICO; ALU; B241 TP 6063 T6; S/C; PC; B36.19
TUB-174-120012	Sch 40S	TUBO METÁLICO; ALU; B241 TP 6063 T6; S/C; PC; B36.19
TUB-174-120034	Sch 10S	TUBO METÁLICO; ALU; B241 TP 6063 T6; S/C; PC; B36.19
TUB-179-005026	Sch 40S	TUBO; AI; A312 GR TP304H; C/C; PL; B36.19
TUB-179-007043	Sch 40S	TUBO; AI; A312 GR TP304H; C/C; PL; B36.19
TUB-179-010050	Sch 40S	TUBO; AI; A312 GR TP304H; C/C; PL; B36.19
TUB-179-015027	Sch 40S	TUBO; AI; A312 GR TP304H; C/C; PL; B36.19
TUB-179-020023	Sch 40S	TUBO; AI; A312 GR TP304H; C/C; PL; B36.19
TUB-179-030999		TUBO; AI; A312 GR TP304H; C/C; PL; B36.19
TUB-179-040999		TUBO; AI; A312 GR TP304H; C/C; PL; B36.19
TUB-179-060999		TUBO; AI; A312 GR TP304H; C/C; PL; B36.19
TUB-179-080999		TUBO; AI; A312 GR TP304H; C/C; PL; B36.19
TUB-179-100999		TUBO; AI; A312 GR TP304H; C/C; PL; B36.19
TUB-179-120999		TUBO; AI; A312 GR TP304H; C/C; PL; B36.19
TUB-179-140999		TUBO; AI; A312 GR TP304H; C/C; PL; B36.19
TUB-179-160999		TUBO; AI; A312 GR TP304H; C/C; PL; B36.19
TUB-179-180999		TUBO; AI; A312 GR TP304H; C/C; PL; B36.19
TUB-179-200999		TUBO; AI; A312 GR TP304H; C/C; PL; B36.19
TUB-179-240999		TUBO; AI; A312 GR TP304H; C/C; PL; B36.19
TUB-180-020023	Sch 40S	TUBO METÁLICO; AI; A312 GR TP316L; S/C; PC; B36.19
TUB-180-030032	Sch 10S	TUBO METÁLICO; AI; A312 GR TP316L; S/C; PC; B36.19
TUB-180-030040	Sch 40S	TUBO METÁLICO; AI; A312 GR TP316L; S/C; PC; B36.19
TUB-180-040016	Sch 10S	TUBO METÁLICO; AI; A312 GR TP316L; S/C; PC; B36.19
TUB-180-040045	Sch 40S	TUBO METÁLICO; AI; A312 GR TP316L; S/C; PC; B36.19
TUB-180-060009	Sch 10S	TUBO METÁLICO; AI; A312 GR TP316L; S/C; PC; B36.19
TUB-180-060053	Sch 40S	TUBO METÁLICO; AI; A312 GR TP316L; S/C; PC; B36.19
TUB-180-080011	Sch 10S	TUBO METÁLICO; AI; A312 GR TP316L; S/C; PC; B36.19
TUB-180-080061	Sch 40S	TUBO METÁLICO; AI; A312 GR TP316L; S/C; PC; B36.19
TUB-180-100030	Sch 10S	TUBO METÁLICO; AI; A312 GR TP316L; S/C; PC; B36.19
TUB-180-100067	Sch 40S	TUBO METÁLICO; AI; A312 GR TP316L; S/C; PC; B36.19
TUB-180-120012	Sch 40S	TUBO METÁLICO; AI; A312 GR TP316L; S/C; PC; B36.19
TUB-180-140010	Sch 40S	TUBO METÁLICO; AI; A312 GR TP316L; S/C; PC; B36.19
TUB-181-005026	Sch 40S	TUBO METÁLICO; AI; A312 GR TP316L; C/C; PL; B36.19
TUB-181-005028	Sch 10S	TUBO METÁLICO; AI; A312 GR TP316L; C/C; PL; B36.19
TUB-181-007043	Sch 40S	TUBO METÁLICO; AI; A312 GR TP316L; C/C; PL; B36.19
TUB-181-007045	Sch 10S	TUBO METÁLICO; AI; A312 GR TP316L; C/C; PL; B36.19
TUB-181-010050	Sch 40S	TUBO METÁLICO; AI; A312 GR TP316L; C/C; PL; B36.19
TUB-181-010053	Sch 10S	TUBO METÁLICO; AI; A312 GR TP316L; C/C; PL; B36.19
TUB-181-015027	Sch 40S	TUBO METÁLICO; AI; A312 GR TP316L; C/C; PL; B36.19
TUB-181-015035	Sch 10S	TUBO METÁLICO; AI; A312 GR TP316L; C/C; PL; B36.19
TUB-181-020035	Sch 10S	TUBO METÁLICO; AI; A312 GR TP316L; C/C; PL; B36.19
TUB-181-025024	Sch 10S	TUBO METÁLICO; AI; A312 GR TP316L; C/C; PL; B36.19
TUB-181-030032	Sch 10S	TUBO METÁLICO; AI; A312 GR TP316L; C/C; PL; B36.19
TUB-181-040016	Sch 10S	TUBO METÁLICO; AI; A312 GR TP316L; C/C; PL; B36.19
TUB-182-005026	Sch 40S	TUBO METÁLICO; AI; A312 GR TP321; C/C; PL; B36.19
TUB-182-007043	Sch 40S	TUBO METÁLICO; AI; A312 GR TP321; C/C; PL; B36.19
TUB-182-010050	Sch 40S	TUBO METÁLICO; AI; A312 GR TP321; C/C; PL; B36.19
TUB-182-015027	Sch 40S	TUBO METÁLICO; AI; A312 GR TP321; C/C; PL; B36.19
TUB-182-020023	Sch 40S	TUBO METÁLICO; AI; A312 GR TP321; C/C; PL; B36.19
TUB-183-005026	Sch 40S	TUBO METÁLICO; AI; A312 GR TP321H; C/C; PL; B36.19
TUB-183-005027	Sch 80S	TUBO METÁLICO; AI; A312 GR TP321H; C/C; PL; B36.19
TUB-183-007029	Sch 80S	TUBO METÁLICO; AI; A312 GR TP321H; C/C; PL; B36.19
TUB-183-007043	Sch 40S	TUBO METÁLICO; AI; A312 GR TP321H; C/C; PL; B36.19
TUB-183-010033	Sch 80S	TUBO METÁLICO; AI; A312 GR TP321H; C/C; PL; B36.19
TUB-183-010050	Sch 40S	TUBO METÁLICO; AI; A312 GR TP321H; C/C; PL; B36.19
TUB-183-015027	Sch 40S	TUBO METÁLICO; AI; A312 GR TP321H; C/C; PL; B36.19
TUB-183-015037	Sch 80S	TUBO METÁLICO; AI; A312 GR TP321H; C/C; PL; B36.19
TUB-183-020023	Sch 40S	TUBO METÁLICO; AI; A312 GR TP321H; C/C; PL; B36.19
TUB-183-020041	Sch 80S	TUBO METÁLICO; AI; A312 GR TP321H; C/C; PL; B36.19
TUB-184-002003	Sch 40S	TUBO METÁLICO; AI; A312 GR TP304; S/C; PC; B36.19
TUB-184-005025	Sch 160	TUBO METÁLICO; AI; A312 GR TP304; S/C; PC; B36.19
TUB-184-005026	Sch 40S	TUBO METÁLICO; AI; A312 GR TP304; S/C; PC; B36.19
TUB-184-005027	Sch 80S	TUBO METÁLICO; AI; A312 GR TP304; S/C; PC; B36.19
TUB-184-007029	Sch 80S	TUBO METÁLICO; AI; A312 GR TP304; S/C; PC; B36.19
TUB-184-007042	Sch 160	TUBO METÁLICO; AI; A312 GR TP304; S/C; PC; B36.19
TUB-184-007043	Sch 40S	TUBO METÁLICO; AI; A312 GR TP304; S/C; PC; B36.19
TUB-184-010033	Sch 80S	TUBO METÁLICO; AI; A312 GR TP304; S/C; PC; B36.19
TUB-184-010049	Sch 160	TUBO METÁLICO; AI; A312 GR TP304; S/C; PC; B36.19
TUB-184-010050	Sch 40S	TUBO METÁLICO; AI; A312 GR TP304; S/C; PC; B36.19
TUB-184-015025	Sch 160	TUBO METÁLICO; AI; A312 GR TP304; S/C; PC; B36.19
TUB-184-015027	Sch 40S	TUBO METÁLICO; AI; A312 GR TP304; S/C; PC; B36.19
TUB-184-020023	Sch 40S	TUBO METÁLICO; AI; A312 GR TP304; S/C; PC; B36.19
TUB-184-020071	Sch 160	TUBO METÁLICO; AI; A312 GR TP304; S/C; PC; B36.19
TUB-184-030040	Sch 40S	TUBO METÁLICO; AI; A312 GR TP304; S/C; PC; B36.19
TUB-184-030062	Sch 160	TUBO METÁLICO; AI; A312 GR TP304; S/C; PC; B36.19
TUB-184-040018	Sch 80S	TUBO METÁLICO; AI; A312 GR TP304; S/C; PC; B36.19
TUB-184-040045	Sch 40S	TUBO METÁLICO; AI; A312 GR TP304; S/C; PC; B36.19
TUB-184-060014	Sch 80S	TUBO METÁLICO; AI; A312 GR TP304; S/C; PC; B36.19
TUB-184-060053	Sch 40S	TUBO METÁLICO; AI; A312 GR TP304; S/C; PC; B36.19
TUB-184-080044	Sch 80S	TUBO METÁLICO; AI; A312 GR TP304; S/C; PC; B36.19
TUB-184-080061	Sch 40S	TUBO METÁLICO; AI; A312 GR TP304; S/C; PC; B36.19
TUB-184-100067	Sch 40S	TUBO METÁLICO; AI; A312 GR TP304; S/C; PC; B36.19
TUB-184-100075		TUBO METÁLICO; AI; A312 GR TP304; S/C; PC; B36.19
TUB-184-120012	Sch 40S	TUBO METÁLICO; AI; A312 GR TP304; S/C; PC; B36.19
TUB-184-120095		TUBO METÁLICO; AI; A312 GR TP304; S/C; PC; B36.19
TUB-187-005026	Sch 40S	TUBO; AI; A312 GR TP304H; C/C; PC; B36.19
TUB-187-007043	Sch 40S	TUBO; AI; A312 GR TP304H; C/C; PC; B36.19
TUB-187-010050	Sch 40S	TUBO; AI; A312 GR TP304H; C/C; PC; B36.19
TUB-187-015027	Sch 40S	TUBO; AI; A312 GR TP304H; C/C; PC; B36.19
TUB-187-020023	Sch 40S	TUBO; AI; A312 GR TP304H; C/C; PC; B36.19
TUB-187-030040	Sch 40S	TUBO; AI; A312 GR TP304H; C/C; PC; B36.19
TUB-187-040045	Sch 40S	TUBO; AI; A312 GR TP304H; C/C; PC; B36.19
TUB-187-040999		TUBO; AI; A312 GR TP304H; C/C; PC; B36.19
TUB-187-060053	Sch 40S	TUBO; AI; A312 GR TP304H; C/C; PC; B36.19
TUB-187-060999		TUBO; AI; A312 GR TP304H; C/C; PC; B36.19
TUB-187-080061	Sch 40S	TUBO; AI; A312 GR TP304H; C/C; PC; B36.19
TUB-187-080999		TUBO; AI; A312 GR TP304H; C/C; PC; B36.19
TUB-187-100067	Sch 40S	TUBO; AI; A312 GR TP304H; C/C; PC; B36.19
TUB-187-120012	Sch 40S	TUBO; AI; A312 GR TP304H; C/C; PC; B36.19
TUB-189-030040	Sch 40S	TUBO METÁLICO; AI; A312 GR TP321; C/C; PC; B36.19
TUB-189-040045	Sch 40S	TUBO METÁLICO; AI; A312 GR TP321; C/C; PC; B36.19
TUB-189-060053	Sch 40S	TUBO METÁLICO; AI; A312 GR TP321; C/C; PC; B36.19
TUB-190-030040	Sch 40S	TUBO METÁLICO; AI; A312 GR TP321H; C/C; PC; B36.19
TUB-190-040045	Sch 40S	TUBO METÁLICO; AI; A312 GR TP321H; C/C; PC; B36.19
TUB-190-060037		TUBO METÁLICO; AI; A312 GR TP321H; C/C; PC; B36.19
TUB-190-060053	Sch 40S	TUBO METÁLICO; AI; A312 GR TP321H; C/C; PC; B36.19
TUB-190-080008	Sch 20	TUBO METÁLICO; AI; A312 GR TP321H; C/C; PC; B36.19
TUB-190-080061	Sch 40S	TUBO METÁLICO; AI; A312 GR TP321H; C/C; PC; B36.19
TUB-190-100009	Sch 20	TUBO METÁLICO; AI; A312 GR TP321H; C/C; PC; B36.19
TUB-190-100067	Sch 40S	TUBO METÁLICO; AI; A312 GR TP321H; C/C; PC; B36.19
TUB-190-120012	Sch 40S	TUBO METÁLICO; AI; A312 GR TP321H; C/C; PC; B36.19
TUB-190-120047	Sch 20	TUBO METÁLICO; AI; A312 GR TP321H; C/C; PC; B36.19
TUB-191-020023	Sch 40S	TUBO METÁLICO; AI; A312 GR TP347; S/C; PC; B36.19
TUB-191-025031	Sch 40S	TUBO METÁLICO; AI; A312 GR TP347; S/C; PC; B36.19
TUB-191-030040	Sch 40S	TUBO METÁLICO; AI; A312 GR TP347; S/C; PC; B36.19
TUB-191-040045	Sch 40S	TUBO METÁLICO; AI; A312 GR TP347; S/C; PC; B36.19
TUB-191-060053	Sch 40S	TUBO METÁLICO; AI; A312 GR TP347; S/C; PC; B36.19
TUB-192-080061	Sch 40S	TUBO METÁLICO; AI; A358 GR 321 CL 1; C/C; PC; B36.19
TUB-192-100067	Sch 40S	TUBO METÁLICO; AI; A358 GR 321 CL 1; C/C; PC; B36.19
TUB-192-120999		TUBO METÁLICO; AI; A358 GR 321 CL 1; C/C; PC; B36.19
TUB-192-140999		TUBO METÁLICO; AI; A358 GR 321 CL 1; C/C; PC; B36.19
TUB-192-160999		TUBO METÁLICO; AI; A358 GR 321 CL 1; C/C; PC; B36.19
TUB-192-180999		TUBO METÁLICO; AI; A358 GR 321 CL 1; C/C; PC; B36.19
TUB-192-200999		TUBO METÁLICO; AI; A358 GR 321 CL 1; C/C; PC; B36.19
TUB-192-240999		TUBO METÁLICO; AI; A358 GR 321 CL 1; C/C; PC; B36.19
TUB-193-005026	Sch 40S	TUBO METÁLICO; AI; A312 GR TP316L; S/C; RO; B36.19
TUB-193-005027	Sch 80S	TUBO METÁLICO; AI; A312 GR TP316L; S/C; RO; B36.19
TUB-193-007029	Sch 80S	TUBO METÁLICO; AI; A312 GR TP316L; S/C; RO; B36.19
TUB-193-007043	Sch 40S	TUBO METÁLICO; AI; A312 GR TP316L; S/C; RO; B36.19
TUB-193-010033	Sch 80S	TUBO METÁLICO; AI; A312 GR TP316L; S/C; RO; B36.19
TUB-198-005027	Sch 80S	TUBO METÁLICO; AI; A312 GR TP347; S/C; PL; B36.19
TUB-198-007029	Sch 80S	TUBO METÁLICO; AI; A312 GR TP347; S/C; PL; B36.19
TUB-198-010033	Sch 80S	TUBO METÁLICO; AI; A312 GR TP347; S/C; PL; B36.19
TUB-198-015037	Sch 80S	TUBO METÁLICO; AI; A312 GR TP347; S/C; PL; B36.19
TUB-199-005027	Sch 80S	TUBO METÁLICO; AI; A312 GR TP347; C/C; PL; B36.19
TUB-199-007029	Sch 80S	TUBO METÁLICO; AI; A312 GR TP347; C/C; PL; B36.19
TUB-199-010033	Sch 80S	TUBO METÁLICO; AI; A312 GR TP347; C/C; PL; B36.19
TUB-199-015037	Sch 80S	TUBO METÁLICO; AI; A312 GR TP347; C/C; PL; B36.19
TUB-199-020041	Sch 80S	TUBO METÁLICO; AI; A312 GR TP347; C/C; PL; B36.19
TUB-201-030034	Sch 80S	TUBO METÁLICO; AI; A312 GR TP347; C/C; PC; B36.19
TUB-201-040018	Sch 80S	TUBO METÁLICO; AI; A312 GR TP347; C/C; PC; B36.19
TUB-201-050005	Sch 80S	TUBO METÁLICO; AI; A312 GR TP347; C/C; PC; B36.19
TUB-201-060014	Sch 80S	TUBO METÁLICO; AI; A312 GR TP347; C/C; PC; B36.19
TUB-205-005024	Sch 5S	TUBO; TI; B861 GR 7; S/C; PL; B36.19
TUB-205-007041	Sch 5S	TUBO; TI; B861 GR 7; S/C; PL; B36.19
TUB-205-010054	Sch 5S	TUBO; TI; B861 GR 7; S/C; PL; B36.19
TUB-205-015034	Sch 5S	TUBO; TI; B861 GR 7; S/C; PL; B36.19
TUB-205-020053	Sch 5S	TUBO; TI; B861 GR 7; S/C; PL; B36.19
TUB-205-030042	Sch 5S	TUBO; TI; B861 GR 7; S/C; PL; B36.19
TUB-205-040027	Sch 5S	TUBO; TI; B861 GR 7; S/C; PL; B36.19
TUB-205-060024	Sch 5S	TUBO; TI; B861 GR 7; S/C; PL; B36.19
TUB-205-080027	Sch 5S	TUBO; TI; B861 GR 7; S/C; PL; B36.19
TUB-207-100029	Sch 5S	TUBO; TI; B861 GR 7; S/C; PC; B36.19
TUB-207-120033	Sch 5S	TUBO; TI; B861 GR 7; S/C; PC; B36.19
TUB-208-005000		TUBO NÃO METÁLICO; PLÁSTICO; PVC RÍGIDO; PB; NBR-5648; PDR FABR
TUB-208-007000		TUBO NÃO METÁLICO; PLÁSTICO; PVC RÍGIDO; PB; NBR-5648; PDR FABR
TUB-208-010000		TUBO NÃO METÁLICO; PLÁSTICO; PVC RÍGIDO; PB; NBR-5648; PDR FABR
TUB-208-015000		TUBO NÃO METÁLICO; PLÁSTICO; PVC RÍGIDO; PB; NBR-5648; PDR FABR
TUB-208-020000		TUBO NÃO METÁLICO; PLÁSTICO; PVC RÍGIDO; PB; NBR-5648; PDR FABR
TUB-208-030000		TUBO NÃO METÁLICO; PLÁSTICO; PVC RÍGIDO; PB; NBR-5648; PDR FABR
TUB-208-040000		TUBO NÃO METÁLICO; PLÁSTICO; PVC RÍGIDO; PB; NBR-5648; PDR FABR
TUB-208-060000		TUBO NÃO METÁLICO; PLÁSTICO; PVC RÍGIDO; PB; NBR-5648; PDR FABR
TUB-208-080000		TUBO NÃO METÁLICO; PLÁSTICO; PVC RÍGIDO; PB; NBR-5648; PDR FABR
TUB-208-100000		TUBO NÃO METÁLICO; PLÁSTICO; PVC RÍGIDO; PB; NBR-5648; PDR FABR
TUB-208-120000		TUBO NÃO METÁLICO; PLÁSTICO; PVC RÍGIDO; PB; NBR-5648; PDR FABR
TUB-211-002002	Sch 10	TUBING; COBRE; B68; S/C
TUB-211-005024	Sch 5	TUBING; COBRE; B68; S/C
TUB-211-007041	Sch 5	TUBING; COBRE; B68; S/C
TUB-212-005000		TUBO NÃO METÁLICO; PLÁSTICO; PEAD; PL; ISO 4427; ISO 4427; PN16
TUB-212-007000		TUBO NÃO METÁLICO; PLÁSTICO; PEAD; PL; ISO 4427; ISO 4427; PN16
TUB-212-010000		TUBO NÃO METÁLICO; PLÁSTICO; PEAD; PL; ISO 4427; ISO 4427; PN16
TUB-212-015000		TUBO NÃO METÁLICO; PLÁSTICO; PEAD; PL; ISO 4427; ISO 4427; PN16
TUB-212-020000		TUBO NÃO METÁLICO; PLÁSTICO; PEAD; PL; ISO 4427; ISO 4427; PN16
TUB-212-030000		TUBO NÃO METÁLICO; PLÁSTICO; PEAD; PL; ISO 4427; ISO 4427; PN16
TUB-212-040000		TUBO NÃO METÁLICO; PLÁSTICO; PEAD; PL; ISO 4427; ISO 4427; PN16
TUB-212-060000		TUBO NÃO METÁLICO; PLÁSTICO; PEAD; PL; ISO 4427; ISO 4427; PN16
TUB-212-080000		TUBO NÃO METÁLICO; PLÁSTICO; PEAD; PL; ISO 4427; ISO 4427; PN16
TUB-212-100000		TUBO NÃO METÁLICO; PLÁSTICO; PEAD; PL; ISO 4427; ISO 4427; PN16
TUB-212-120000		TUBO NÃO METÁLICO; PLÁSTICO; PEAD; PL; ISO 4427; ISO 4427; PN16
TUB-212-140000		TUBO NÃO METÁLICO; PLÁSTICO; PEAD; PL; ISO 4427; ISO 4427; PN16
TUB-212-160000		TUBO NÃO METÁLICO; PLÁSTICO; PEAD; PL; ISO 4427; ISO 4427; PN16
TUB-218-120047	Sch 20	TUBO; AC; A333 GR 1; C/C; PC; B36.10
TUB-218-140047	Sch 10	TUBO; AC; A333 GR 1; C/C; PC; B36.10
TUB-218-160047	Sch 10	TUBO; AC; A333 GR 1; C/C; PC; B36.10
TUB-218-180047	Sch 10	TUBO; AC; A333 GR 1; C/C; PC; B36.10
TUB-220-120047	Sch 20	TUBO; AL; A333 GR 3; C/C; PC; B36.10
TUB-220-140047	Sch 10	TUBO; AL; A333 GR 3; C/C; PC; B36.10
TUB-220-160047	Sch 10	TUBO; AL; A333 GR 3; C/C; PC; B36.10
TUB-220-180047	Sch 10	TUBO; AL; A333 GR 3; C/C; PC; B36.10
TUB-233-600001		TUBO; AC; A671 GR CD 70 CL 12; C/C; PC; B36.10
TUB-240-200000		TUBO PRFV; PLÁSTICO; PRFV DERAKANE 411-45; EP-100-21.00-606; PL; 150LB
TUB-240-240000		TUBO PRFV; PLÁSTICO; PRFV DERAKANE 411-45; EP-100-21.00-606; PL; 150LB
TUB-240-260000		TUBO PRFV; PLÁSTICO; PRFV DERAKANE 411-45; EP-100-21.00-606; PL; 150LB
TUB-240-300000		TUBO PRFV; PLÁSTICO; PRFV DERAKANE 411-45; EP-100-21.00-606; PL; 150LB
TUB-242-140042		TUBO; AI; A240 TP 304; C/C; PC; B36.10
TUB-242-160046		TUBO; AI; A240 TP 304; C/C; PC; B36.10
TUB-242-240034		TUBO; AI; A240 TP 304; C/C; PC; B36.10
TUB-242-260029		TUBO; AI; A240 TP 304; C/C; PC; B36.10
TUB-242-300026		TUBO; AI; A240 TP 304; C/C; PC; B36.10
TUB-242-300028		TUBO; AI; A240 TP 304; C/C; PC; B36.10
TUB-242-320002		TUBO; AI; A240 TP 304; C/C; PC; B36.10
TUB-242-360017		TUBO; AI; A240 TP 304; C/C; PC; B36.10
TUB-242-360018		TUBO; AI; A240 TP 304; C/C; PC; B36.10
TUB-242-420012		TUBO; AI; A240 TP 304; C/C; PC; B36.10
TUB-242-440001		TUBO; AI; A240 TP 304; C/C; PC; B36.10
TUB-244-005000		TUBO NÃO METÁLICO; PLÁSTICO; PVC RÍGIDO REFORÇADO; PP; PDR FABR; PDR FABR; PN32
TUB-244-007000		TUBO NÃO METÁLICO; PLÁSTICO; PVC RÍGIDO REFORÇADO; PP; PDR FABR; PDR FABR; PN32
TUB-244-010000		TUBO NÃO METÁLICO; PLÁSTICO; PVC RÍGIDO REFORÇADO; PP; PDR FABR; PDR FABR; PN32
TUB-244-015000		TUBO NÃO METÁLICO; PLÁSTICO; PVC RÍGIDO REFORÇADO; PP; PDR FABR; PDR FABR; PN32
TUB-244-020000		TUBO NÃO METÁLICO; PLÁSTICO; PVC RÍGIDO REFORÇADO; PP; PDR FABR; PDR FABR; PN32
TUB-244-030000		TUBO NÃO METÁLICO; PLÁSTICO; PVC RÍGIDO REFORÇADO; PP; PDR FABR; PDR FABR; PN32
TUB-244-040000		TUBO NÃO METÁLICO; PLÁSTICO; PVC RÍGIDO REFORÇADO; PP; PDR FABR; PDR FABR; PN32
TUB-244-060000		TUBO NÃO METÁLICO; PLÁSTICO; PVC RÍGIDO REFORÇADO; PP; PDR FABR; PDR FABR; PN32
TUB-246-040000		TUBO NÃO METÁLICO (PENDENTE DESCRIÇÃO)
TUB-247-060000		TUBO NÃO METÁLICO (PENDENTE DESCRIÇÃO)
TUB-250-019001		TUBING; AI; A269 GR TP304; S/C; A269
TUB-250-021001		TUBING; AI; A269 GR TP304; S/C; A269
TUB-250-031001		TUBING; AI; A269 GR TP304; S/C; A269
TUB-253-140010	Sch 40S	TUBO; AI; A358 GR 304 CL 5; C/C; PC; B36.19
TUB-253-160009	Sch 40S	TUBO; AI; A358 GR 304 CL 5; C/C; PC; B36.19
TUB-253-180006	Sch 40S	TUBO; AI; A358 GR 304 CL 5; C/C; PC; B36.19
TUB-253-200005	Sch 40S	TUBO; AI; A358 GR 304 CL 5; C/C; PC; B36.19
TUB-253-240004	Sch 40S	TUBO; AI; A358 GR 304 CL 5; C/C; PC; B36.19
TUB-254-015000		TUBO NÃO METÁLICO (PENDENTE DESCRIÇÃO)
TUB-254-020000		TUBO NÃO METÁLICO (PENDENTE DESCRIÇÃO)
TUB-256-030000		TUBO NÃO METÁLICO (PENDENTE DESCRIÇÃO)
TUB-258-140037	Sch 10S	TUBO; AI; A409 GR TP304; C/C; PC; B36.19
TUB-258-160041	Sch 10S	TUBO; AI; A409 GR TP304; C/C; PC; B36.19
TUB-258-180032	Sch 10S	TUBO; AI; A409 GR TP304; C/C; PC; B36.19
TUB-258-200034	Sch 10S	TUBO; AI; A409 GR TP304; C/C; PC; B36.19
TUB-258-240047	Sch 10S	TUBO; AI; A409 GR TP304; C/C; PC; B36.19
TUB-259-001005	Sch 10S	TUBO; AI; A312 N08904 CL2; C/C; PC; B36.19
TUB-259-002002	Sch 10S	TUBO; AI; A312 N08904 CL2; C/C; PC; B36.19
TUB-259-005028	Sch 10S	TUBO; AI; A312 N08904 CL2; C/C; PC; B36.19
TUB-259-007045	Sch 10S	TUBO; AI; A312 N08904 CL2; C/C; PC; B36.19
TUB-259-010053	Sch 10S	TUBO; AI; A312 N08904 CL2; C/C; PC; B36.19
TUB-259-015035	Sch 10S	TUBO; AI; A312 N08904 CL2; C/C; PC; B36.19
TUB-259-020035	Sch 10S	TUBO; AI; A312 N08904 CL2; C/C; PC; B36.19
TUB-259-030032	Sch 10S	TUBO; AI; A312 N08904 CL2; C/C; PC; B36.19
TUB-259-040016	Sch 10S	TUBO; AI; A312 N08904 CL2; C/C; PC; B36.19
TUB-259-060009	Sch 10S	TUBO; AI; A312 N08904 CL2; C/C; PC; B36.19
TUB-259-080011	Sch 10S	TUBO; AI; A312 N08904 CL2; C/C; PC; B36.19
TUB-259-100030	Sch 10S	TUBO; AI; A312 N08904 CL2; C/C; PC; B36.19
TUB-259-120034	Sch 10S	TUBO; AI; A312 N08904 CL2; C/C; PC; B36.19
TUB-259-140037	Sch 10S	TUBO; AI; A312 N08904 CL2; C/C; PC; B36.19
TUB-259-160041	Sch 10S	TUBO; AI; A312 N08904 CL2; C/C; PC; B36.19
TUB-259-180032	Sch 10S	TUBO; AI; A312 N08904 CL2; C/C; PC; B36.19
TUB-259-200034	Sch 10S	TUBO; AI; A312 N08904 CL2; C/C; PC; B36.19
TUB-259-240047	Sch 10S	TUBO; AI; A312 N08904 CL2; C/C; PC; B36.19
TUB-260-005026	Sch 40S	TUBO METÁLICO; AI; A312 GR TP304; S/C; RO; B36.19
TUB-260-005027	Sch 80S	TUBO METÁLICO; AI; A312 GR TP304; S/C; RO; B36.19
TUB-260-007029	Sch 80S	TUBO METÁLICO; AI; A312 GR TP304; S/C; RO; B36.19
TUB-260-007043	Sch 40S	TUBO METÁLICO; AI; A312 GR TP304; S/C; RO; B36.19
TUB-266-010050	Sch 40	TUBO METÁLICO; AC; A106 GR B; S/C; FLG; VIDRO; B36.10
TUB-266-015027	Sch 40	TUBO METÁLICO; AC; A106 GR B; S/C; FLG; VIDRO; B36.10
TUB-266-020023	Sch 40	TUBO METÁLICO; AC; A106 GR B; S/C; FLG; VIDRO; B36.10
TUB-266-030040	Sch 40	TUBO METÁLICO; AC; A106 GR B; S/C; FLG; VIDRO; B36.10
TUB-266-040045	Sch 40	TUBO METÁLICO; AC; A106 GR B; S/C; FLG; VIDRO; B36.10
TUB-266-060053	Sch 40	TUBO METÁLICO; AC; A106 GR B; S/C; FLG; VIDRO; B36.10
TUB-266-080061	Sch 40	TUBO METÁLICO; AC; A106 GR B; S/C; FLG; VIDRO; B36.10
TUB-266-100067	Sch 40	TUBO METÁLICO; AC; A106 GR B; S/C; FLG; VIDRO; B36.10
TUB-268-005000		TUBO NÃO METÁLICO; PLÁSTICO; POLIPROPILENO; PL; DIN 8077; DIN 8077; PN10
TUB-268-007000		TUBO NÃO METÁLICO; PLÁSTICO; POLIPROPILENO; PL; DIN 8077; DIN 8077; PN10
TUB-268-010000		TUBO NÃO METÁLICO; PLÁSTICO; POLIPROPILENO; PL; DIN 8077; DIN 8077; PN10
TUB-268-015000		TUBO NÃO METÁLICO; PLÁSTICO; POLIPROPILENO; PL; DIN 8077; DIN 8077; PN10
TUB-268-020000		TUBO NÃO METÁLICO; PLÁSTICO; POLIPROPILENO; PL; DIN 8077; DIN 8077; PN10
TUB-268-030000		TUBO NÃO METÁLICO; PLÁSTICO; POLIPROPILENO; PL; DIN 8077; DIN 8077; PN10
TUB-268-040000		TUBO NÃO METÁLICO; PLÁSTICO; POLIPROPILENO; PL; DIN 8077; DIN 8077; PN10
TUB-277-005026	Sch 40S	TUBO; AI; A312 GR TP316; C/C; PC; B36.19
TUB-277-005028	Sch 10S	TUBO; AI; A312 GR TP316; C/C; PC; B36.19
TUB-277-007043	Sch 40S	TUBO; AI; A312 GR TP316; C/C; PC; B36.19
TUB-277-007045	Sch 10S	TUBO; AI; A312 GR TP316; C/C; PC; B36.19
TUB-277-010050	Sch 40S	TUBO; AI; A312 GR TP316; C/C; PC; B36.19
TUB-277-010053	Sch 10S	TUBO; AI; A312 GR TP316; C/C; PC; B36.19
TUB-277-015027	Sch 40S	TUBO; AI; A312 GR TP316; C/C; PC; B36.19
TUB-277-015035	Sch 10S	TUBO; AI; A312 GR TP316; C/C; PC; B36.19
TUB-277-020023	Sch 40S	TUBO; AI; A312 GR TP316; C/C; PC; B36.19
TUB-277-020035	Sch 10S	TUBO; AI; A312 GR TP316; C/C; PC; B36.19
TUB-277-030032	Sch 10S	TUBO; AI; A312 GR TP316; C/C; PC; B36.19
TUB-277-030040	Sch 40S	TUBO; AI; A312 GR TP316; C/C; PC; B36.19
TUB-277-040016	Sch 10S	TUBO; AI; A312 GR TP316; C/C; PC; B36.19
TUB-277-040045	Sch 40S	TUBO; AI; A312 GR TP316; C/C; PC; B36.19
TUB-277-060009	Sch 10S	TUBO; AI; A312 GR TP316; C/C; PC; B36.19
TUB-277-060053	Sch 40S	TUBO; AI; A312 GR TP316; C/C; PC; B36.19
TUB-277-080011	Sch 10S	TUBO; AI; A312 GR TP316; C/C; PC; B36.19
TUB-277-080044	Sch 80S	TUBO; AI; A312 GR TP316; C/C; PC; B36.19
TUB-277-080061	Sch 40S	TUBO; AI; A312 GR TP316; C/C; PC; B36.19
TUB-277-100030	Sch 10S	TUBO; AI; A312 GR TP316; C/C; PC; B36.19
TUB-277-100044	Sch 80S	TUBO; AI; A312 GR TP316; C/C; PC; B36.19
TUB-277-100067	Sch 40S	TUBO; AI; A312 GR TP316; C/C; PC; B36.19
TUB-277-120012	Sch 40S	TUBO; AI; A312 GR TP316; C/C; PC; B36.19
TUB-277-120034	Sch 10S	TUBO; AI; A312 GR TP316; C/C; PC; B36.19
TUB-277-120078	Sch 60	TUBO; AI; A312 GR TP316; C/C; PC; B36.19
TUB-277-140010	Sch 40S	TUBO; AI; A312 GR TP316; C/C; PC; B36.19
TUB-277-140037	Sch 10S	TUBO; AI; A312 GR TP316; C/C; PC; B36.19
TUB-277-160009	Sch 40S	TUBO; AI; A312 GR TP316; C/C; PC; B36.19
TUB-277-160041	Sch 10S	TUBO; AI; A312 GR TP316; C/C; PC; B36.19
TUB-277-180032	Sch 10S	TUBO; AI; A312 GR TP316; C/C; PC; B36.19
TUB-277-180054	Sch 30	TUBO; AI; A312 GR TP316; C/C; PC; B36.19
TUB-277-200034	Sch 10S	TUBO; AI; A312 GR TP316; C/C; PC; B36.19
TUB-277-200074		TUBO; AI; A312 GR TP316; C/C; PC; B36.19
TUB-277-220014		TUBO; AI; A312 GR TP316; C/C; PC; B36.19
TUB-277-240047	Sch 10S	TUBO; AI; A312 GR TP316; C/C; PC; B36.19
TUB-277-240062	Sch 80S	TUBO; AI; A312 GR TP316; C/C; PC; B36.19
TUB-278-005027	Sch 80S	TUBO; AI; A312 GR TP316; C/C; PL; B36.19
TUB-278-005028	Sch 10S	TUBO; AI; A312 GR TP316; C/C; PL; B36.19
TUB-278-007029	Sch 80S	TUBO; AI; A312 GR TP316; C/C; PL; B36.19
TUB-278-007045	Sch 10S	TUBO; AI; A312 GR TP316; C/C; PL; B36.19
TUB-278-010033	Sch 80S	TUBO; AI; A312 GR TP316; C/C; PL; B36.19
TUB-278-010053	Sch 10S	TUBO; AI; A312 GR TP316; C/C; PL; B36.19
TUB-278-015035	Sch 10S	TUBO; AI; A312 GR TP316; C/C; PL; B36.19
TUB-278-015037	Sch 80S	TUBO; AI; A312 GR TP316; C/C; PL; B36.19
TUB-283-140052		TUBO; AI; A358 GR 304; C/C; PC; PADR FABR
TUB-283-160054		TUBO; AI; A358 GR 304; C/C; PC; PADR FABR
TUB-283-180041		TUBO; AI; A358 GR 304; C/C; PC; PADR FABR
TUB-283-200041		TUBO; AI; A358 GR 304; C/C; PC; PADR FABR
TUB-283-240035		TUBO; AI; A358 GR 304; C/C; PC; PADR FABR
TUB-283-260030		TUBO; AI; A358 GR 304; C/C; PC; PADR FABR
TUB-283-300027		TUBO; AI; A358 GR 304; C/C; PC; PADR FABR
TUB-285-005026	Sch 40S	TUBO METÁLICO; NI; B622 C276 (UNS N10276); S/C; PC; B36.19
TUB-285-007043	Sch 40S	TUBO METÁLICO; NI; B622 C276 (UNS N10276); S/C; PC; B36.19
TUB-285-010050	Sch 40S	TUBO METÁLICO; NI; B622 C276 (UNS N10276); S/C; PC; B36.19
TUB-285-015027	Sch 40S	TUBO METÁLICO; NI; B622 C276 (UNS N10276); S/C; PC; B36.19
TUB-286-020035	Sch 10S	TUBO METÁLICO; NI; B619 C276 (UNS N10276); C/C; PC; B36.19
TUB-286-030032	Sch 10S	TUBO METÁLICO; NI; B619 C276 (UNS N10276); C/C; PC; B36.19
TUB-286-040016	Sch 10S	TUBO METÁLICO; NI; B619 C276 (UNS N10276); C/C; PC; B36.19
TUB-286-060009	Sch 10S	TUBO METÁLICO; NI; B619 C276 (UNS N10276); C/C; PC; B36.19
TUB-286-080011	Sch 10S	TUBO METÁLICO; NI; B619 C276 (UNS N10276); C/C; PC; B36.19
TUB-305-260006		TUBO; AC; A672 GR C55 CL 12; C/C; PC; B36.19
TUB-305-300005		TUBO; AC; A672 GR C55 CL 12; C/C; PC; B36.19
TUB-305-360001		TUBO; AC; A672 GR C55 CL 12; C/C; PC; B36.19
TUB-305-420001		TUBO; AC; A672 GR C55 CL 12; C/C; PC; B36.19
TUB-305-480001		TUBO; AC; A672 GR C55 CL 12; C/C; PC; B36.19
TUB-307-004001	Sch 80S	TUBO; NI; B165 RECOZIDO; S/C; PL; B36.19
TUB-307-005027	Sch 80S	TUBO; NI; B165 RECOZIDO; S/C; PL; B36.19
TUB-307-007029	Sch 80S	TUBO; NI; B165 RECOZIDO; S/C; PL; B36.19
TUB-308-010033	Sch 80S	TUBO; NI; B165 RECOZIDO; S/C; PC; B36.19
TUB-308-015037	Sch 80S	TUBO; NI; B165 RECOZIDO; S/C; PC; B36.19
TUB-308-020071	Sch 160	TUBO; NI; B165 RECOZIDO; S/C; PC; B36.19
TUB-311-004008		TUBING; AI; AISI 4340; S/C; H-822C
TUB-311-008038		TUBING; AI; AISI 4340; S/C; H-822C
TUB-311-010075		TUBING; AI; AISI 4340; S/C; H-822C
TUB-311-012030		TUBING; AI; AISI 4340; S/C; H-822C
TUB-311-017009		TUBING; AI; AISI 4340; S/C; H-822C
TUB-316-002006		TUBING; NI; B165; S/C; CONF FABR
TUB-316-005035		TUBING; NI; B165; S/C; CONF FABR
TUB-316-007062		TUBING; NI; B165; S/C; CONF FABR
TUB-322-002005		TUBING; AI; AISI 304; S/C; CONF FABR
TUB-322-004007		TUBING; AI; AISI 304; S/C; CONF FABR
TUB-322-007059		TUBING; AI; AISI 304; S/C; CONF FABR
TUB-322-014001		TUBING; AI; AISI 304; S/C; CONF FABR
TUB-327-005032		TUBO METÁLICO; ALU; A221 6063 T6; S/C; RO; JAT. AREIA; B36.19
TUB-327-007058		TUBO METÁLICO; ALU; A221 6063 T6; S/C; RO; JAT. AREIA; B36.19
TUB-328-010073		TUBO METÁLICO; ALU; A221 6063 T6; S/C; PC; JAT. AREIA; B36.19
TUB-328-015061		TUBO METÁLICO; ALU; A221 6063 T6; S/C; PC; JAT. AREIA; B36.19
TUB-328-020089		TUBO METÁLICO; ALU; A221 6063 T6; S/C; PC; JAT. AREIA; B36.19
TUB-328-025039		TUBO METÁLICO; ALU; A221 6063 T6; S/C; PC; JAT. AREIA; B36.19
TUB-328-030074		TUBO METÁLICO; ALU; A221 6063 T6; S/C; PC; JAT. AREIA; B36.19
TUB-328-040068		TUBO METÁLICO; ALU; A221 6063 T6; S/C; PC; JAT. AREIA; B36.19
TUB-328-060064		TUBO METÁLICO; ALU; A221 6063 T6; S/C; PC; JAT. AREIA; B36.19
TUB-328-080071		TUBO METÁLICO; ALU; A221 6063 T6; S/C; PC; JAT. AREIA; B36.19
TUB-328-100090		TUBO METÁLICO; ALU; A221 6063 T6; S/C; PC; JAT. AREIA; B36.19
TUB-328-120114		TUBO METÁLICO; ALU; A221 6063 T6; S/C; PC; JAT. AREIA; B36.19
TUB-332-002002	Sch 10	TUBING; AC; A179; RECOZIDO; S/C; A179
TUB-332-002004		TUBING; AC; A179; RECOZIDO; S/C; A179
TUB-332-004006	Sch 10	TUBING; AC; A179; RECOZIDO; S/C; A179
TUB-332-005028	Sch 10	TUBING; AC; A179; RECOZIDO; S/C; A179
TUB-332-005034		TUBING; AC; A179; RECOZIDO; S/C; A179
TUB-332-006028		TUBING; AC; A179; RECOZIDO; S/C; A179
TUB-332-006029		TUBING; AC; A179; RECOZIDO; S/C; A179
TUB-332-007041	Sch 5	TUBING; AC; A179; RECOZIDO; S/C; A179
TUB-332-007060		TUBING; AC; A179; RECOZIDO; S/C; A179
TUB-332-008037		TUBING; AC; A179; RECOZIDO; S/C; A179
TUB-332-010074		TUBING; AC; A179; RECOZIDO; S/C; A179
TUB-332-012029		TUBING; AC; A179; RECOZIDO; S/C; A179
TUB-332-015062		TUBING; AC; A179; RECOZIDO; S/C; A179
TUB-335-005026	Sch 40S	TUBO METÁLICO; AI; A312 GR TP304L; S/C; PL; B36.19
TUB-335-005027	Sch 80S	TUBO METÁLICO; AI; A312 GR TP304L; S/C; PL; B36.19
TUB-335-007029	Sch 80S	TUBO METÁLICO; AI; A312 GR TP304L; S/C; PL; B36.19
TUB-335-007043	Sch 40S	TUBO METÁLICO; AI; A312 GR TP304L; S/C; PL; B36.19
TUB-335-010033	Sch 80S	TUBO METÁLICO; AI; A312 GR TP304L; S/C; PL; B36.19
TUB-335-010050	Sch 40S	TUBO METÁLICO; AI; A312 GR TP304L; S/C; PL; B36.19
TUB-335-015027	Sch 40S	TUBO METÁLICO; AI; A312 GR TP304L; S/C; PL; B36.19
TUB-335-015037	Sch 80S	TUBO METÁLICO; AI; A312 GR TP304L; S/C; PL; B36.19
TUB-343-005026	Sch 40S	TUBO METÁLICO; AI; A312 GR TP316TI; S/C; PL; B36.19
TUB-343-007043	Sch 40S	TUBO METÁLICO; AI; A312 GR TP316TI; S/C; PL; B36.19
TUB-343-010050	Sch 40S	TUBO METÁLICO; AI; A312 GR TP316TI; S/C; PL; B36.19
TUB-343-015027	Sch 40S	TUBO METÁLICO; AI; A312 GR TP316TI; S/C; PL; B36.19
TUB-344-020023	Sch 40S	TUBO METÁLICO; AI; A312 GR TP316TI; S/C; PC; B36.19
TUB-344-030032	Sch 10S	TUBO METÁLICO; AI; A312 GR TP316TI; S/C; PC; B36.19
TUB-344-040016	Sch 10S	TUBO METÁLICO; AI; A312 GR TP316TI; S/C; PC; B36.19
TUB-344-060009	Sch 10S	TUBO METÁLICO; AI; A312 GR TP316TI; S/C; PC; B36.19
TUB-344-080011	Sch 10S	TUBO METÁLICO; AI; A312 GR TP316TI; S/C; PC; B36.19
TUB-344-100030	Sch 10S	TUBO METÁLICO; AI; A312 GR TP316TI; S/C; PC; B36.19
TUB-345-120047	Sch 20	TUBO; AI; A312 GR TP316TI; C/C; PC; B36.19
TUB-345-140047	Sch 10	TUBO; AI; A312 GR TP316TI; C/C; PC; B36.19
TUB-345-160047	Sch 10	TUBO; AI; A312 GR TP316TI; C/C; PC; B36.19
TUB-345-180047	Sch 10	TUBO; AI; A312 GR TP316TI; C/C; PC; B36.19
TUB-345-200047	Sch 10	TUBO; AI; A312 GR TP316TI; C/C; PC; B36.19
TUB-345-240047	Sch 10S	TUBO; AI; A312 GR TP316TI; C/C; PC; B36.19
TUB-345-300999		TUBO; AI; A312 GR TP316TI; C/C; PC; B36.19
TUB-348-160047	Sch 10	TUBO; AC; A671 GR CC 60 CL 22; C/C; PC; B36.10
TUB-348-180047	Sch 10	TUBO; AC; A671 GR CC 60 CL 22; C/C; PC; B36.10
TUB-348-200047	Sch 10	TUBO; AC; A671 GR CC 60 CL 22; C/C; PC; B36.10
TUB-348-240047	Sch 10	TUBO; AC; A671 GR CC 60 CL 22; C/C; PC; B36.10
TUB-366-005026	Sch 40S	TUBO METÁLICO; AL; INCOLOY 800H; S/C; PC
TUB-366-007043	Sch 40S	TUBO METÁLICO; AL; INCOLOY 800H; S/C; PC
TUB-366-010050	Sch 40S	TUBO METÁLICO; AL; INCOLOY 800H; S/C; PC
TUB-366-015027	Sch 40S	TUBO METÁLICO; AL; INCOLOY 800H; S/C; PC
TUB-366-020023	Sch 40S	TUBO METÁLICO; AL; INCOLOY 800H; S/C; PC
TUB-366-030040	Sch 40S	TUBO METÁLICO; AL; INCOLOY 800H; S/C; PC
TUB-366-040045	Sch 40S	TUBO METÁLICO; AL; INCOLOY 800H; S/C; PC
TUB-366-060053	Sch 40S	TUBO METÁLICO; AL; INCOLOY 800H; S/C; PC
TUB-367-080041	Sch 30	TUBO; AL; INCOLOY 800H; C/C; PC
TUB-367-100048	Sch 30	TUBO; AL; INCOLOY 800H; C/C; PC
TUB-367-120051	Sch 30	TUBO; AL; INCOLOY 800H; C/C; PC
TUB-367-140010	Sch 40S	TUBO; AL; INCOLOY 800H; C/C; PC
TUB-367-160009	Sch 40S	TUBO; AL; INCOLOY 800H; C/C; PC
TUB-367-180054	Sch 30	TUBO; AL; INCOLOY 800H; C/C; PC
TUB-370-005025	Sch 160	TUBO METÁLICO; NI; B407 UNS N08811; S/C; PL; PADR FABR
TUB-370-007042	Sch 160	TUBO METÁLICO; NI; B407 UNS N08811; S/C; PL; PADR FABR
TUB-370-010049	Sch 160	TUBO METÁLICO; NI; B407 UNS N08811; S/C; PL; PADR FABR
TUB-370-015025	Sch 160	TUBO METÁLICO; NI; B407 UNS N08811; S/C; PL; PADR FABR
TUB-371-020071	Sch 160	TUBO METÁLICO; NI; B407 UNS N08811; S/C; PC; PADR FABR
TUB-371-030062	Sch 160	TUBO METÁLICO; NI; B407 UNS N08811; S/C; PC; PADR FABR
TUB-371-040053	Sch 160	TUBO METÁLICO; NI; B407 UNS N08811; S/C; PC; PADR FABR
TUB-371-060048	Sch 160	TUBO METÁLICO; NI; B407 UNS N08811; S/C; PC; PADR FABR
TUB-402-120999		TUBO; AL; A691 GR 1.1/4CR CL 13; C/C; PC; B36.10
TUB-402-140999		TUBO; AL; A691 GR 1.1/4CR CL 13; C/C; PC; B36.10
TUB-402-160999		TUBO; AL; A691 GR 1.1/4CR CL 13; C/C; PC; B36.10
TUB-402-180999		TUBO; AL; A691 GR 1.1/4CR CL 13; C/C; PC; B36.10
TUB-402-200999		TUBO; AL; A691 GR 1.1/4CR CL 13; C/C; PC; B36.10
TUB-402-240999		TUBO; AL; A691 GR 1.1/4CR CL 13; C/C; PC; B36.10
TUB-403-005027	Sch 80S	TUBO METÁLICO; AL; A335 GR P5; S/C; PL; B36.10
TUB-403-007029	Sch 80S	TUBO METÁLICO; AL; A335 GR P5; S/C; PL; B36.10
TUB-403-010033	Sch 80S	TUBO METÁLICO; AL; A335 GR P5; S/C; PL; B36.10
TUB-403-015037	Sch 80S	TUBO METÁLICO; AL; A335 GR P5; S/C; PL; B36.10
TUB-404-020023	Sch 40S	TUBO METÁLICO; AL; A335 GR P5; S/C; PC; B36.10
TUB-404-030040	Sch 40S	TUBO METÁLICO; AL; A335 GR P5; S/C; PC; B36.10
TUB-404-040045	Sch 40S	TUBO METÁLICO; AL; A335 GR P5; S/C; PC; B36.10
TUB-404-060053	Sch 40S	TUBO METÁLICO; AL; A335 GR P5; S/C; PC; B36.10
TUB-404-080061	Sch 40S	TUBO METÁLICO; AL; A335 GR P5; S/C; PC; B36.10
TUB-404-100067	Sch 40S	TUBO METÁLICO; AL; A335 GR P5; S/C; PC; B36.10
TUB-404-120025	Sch 40	TUBO METÁLICO; AL; A335 GR P5; S/C; PC; B36.10
TUB-404-140031	Sch 40	TUBO METÁLICO; AL; A335 GR P5; S/C; PC; B36.10
TUB-404-160030	Sch 80S	TUBO METÁLICO; AL; A335 GR P5; S/C; PC; B36.10
TUB-405-180999		TUBO; AL; A691 GR 5CR CL 22; C/C; PC; B36.10
TUB-405-200999		TUBO; AL; A691 GR 5CR CL 22; C/C; PC; B36.10
TUB-405-240999		TUBO; AL; A691 GR 5CR CL 22; C/C; PC; B36.10
TUB-408-005027	Sch 80S	TUBO METÁLICO; NI; B407 UNS N08810; S/C; PL; B36.19
TUB-408-007029	Sch 80S	TUBO METÁLICO; NI; B407 UNS N08810; S/C; PL; B36.19
TUB-408-010033	Sch 80S	TUBO METÁLICO; NI; B407 UNS N08810; S/C; PL; B36.19
TUB-408-015037	Sch 80S	TUBO METÁLICO; NI; B407 UNS N08810; S/C; PL; B36.19
TUB-409-020041	Sch 80S	TUBO METÁLICO; NI; B407 UNS N08810; S/C; PC; B36.19
TUB-409-030999		TUBO METÁLICO; NI; B407 UNS N08810; S/C; PC; B36.19
TUB-409-040999		TUBO METÁLICO; NI; B407 UNS N08810; S/C; PC; B36.19
TUB-409-060999		TUBO METÁLICO; NI; B407 UNS N08810; S/C; PC; B36.19
TUB-409-080999		TUBO METÁLICO; NI; B407 UNS N08810; S/C; PC; B36.19
TUB-409-100999		TUBO METÁLICO; NI; B407 UNS N08810; S/C; PC; B36.19
TUB-409-120999		TUBO METÁLICO; NI; B407 UNS N08810; S/C; PC; B36.19
TUB-409-140999		TUBO METÁLICO; NI; B407 UNS N08810; S/C; PC; B36.19
TUB-409-160999		TUBO METÁLICO; NI; B407 UNS N08810; S/C; PC; B36.19
TUB-409-180999		TUBO METÁLICO; NI; B407 UNS N08810; S/C; PC; B36.19
TUB-409-200999		TUBO METÁLICO; NI; B407 UNS N08810; S/C; PC; B36.19
TUB-409-240999		TUBO METÁLICO; NI; B407 UNS N08810; S/C; PC; B36.19
TUB-412-020071	Sch 160	TUBO METÁLICO; AC; A333 GR 1; S/C; PC; B36.10
TUB-412-030999		TUBO METÁLICO; AC; A333 GR 1; S/C; PC; B36.10
TUB-412-040999		TUBO METÁLICO; AC; A333 GR 1; S/C; PC; B36.10
TUB-412-060999		TUBO METÁLICO; AC; A333 GR 1; S/C; PC; B36.10
TUB-412-080999		TUBO METÁLICO; AC; A333 GR 1; S/C; PC; B36.10
TUB-412-100999		TUBO METÁLICO; AC; A333 GR 1; S/C; PC; B36.10
TUB-414-005027	Sch 80S	TUBO METÁLICO; AI; A312 GR TP304H; S/C; PL; B36.19
TUB-414-007029	Sch 80S	TUBO METÁLICO; AI; A312 GR TP304H; S/C; PL; B36.19
TUB-414-010033	Sch 80S	TUBO METÁLICO; AI; A312 GR TP304H; S/C; PL; B36.19
TUB-414-015025	Sch 160	TUBO METÁLICO; AI; A312 GR TP304H; S/C; PL; B36.19
TUB-414-015037	Sch 80S	TUBO METÁLICO; AI; A312 GR TP304H; S/C; PL; B36.19
TUB-415-020041	Sch 80S	TUBO METÁLICO; AI; A312 GR TP304H; S/C; PC; B36.19
TUB-415-020071	Sch 160	TUBO METÁLICO; AI; A312 GR TP304H; S/C; PC; B36.19
TUB-415-030066		TUBO METÁLICO; AI; A312 GR TP304H; S/C; PC; B36.19
TUB-415-040058		TUBO METÁLICO; AI; A312 GR TP304H; S/C; PC; B36.19
TUB-415-060051		TUBO METÁLICO; AI; A312 GR TP304H; S/C; PC; B36.19
TUB-415-080060		TUBO METÁLICO; AI; A312 GR TP304H; S/C; PC; B36.19
TUB-415-100999		TUBO METÁLICO; AI; A312 GR TP304H; S/C; PC; B36.19
TUB-415-120999		TUBO METÁLICO; AI; A312 GR TP304H; S/C; PC; B36.19
TUB-416-005026	Sch 40S	TUBO METÁLICO; AI; A312 GR TP316; S/C; PL; B36.19
TUB-416-005027	Sch 80S	TUBO METÁLICO; AI; A312 GR TP316; S/C; PL; B36.19
TUB-416-007029	Sch 80S	TUBO METÁLICO; AI; A312 GR TP316; S/C; PL; B36.19
TUB-416-007043	Sch 40S	TUBO METÁLICO; AI; A312 GR TP316; S/C; PL; B36.19
TUB-416-010033	Sch 80S	TUBO METÁLICO; AI; A312 GR TP316; S/C; PL; B36.19
TUB-416-010050	Sch 40S	TUBO METÁLICO; AI; A312 GR TP316; S/C; PL; B36.19
TUB-416-015027	Sch 40S	TUBO METÁLICO; AI; A312 GR TP316; S/C; PL; B36.19
TUB-416-015037	Sch 80S	TUBO METÁLICO; AI; A312 GR TP316; S/C; PL; B36.19
TUB-417-020071	Sch 160	TUBO METÁLICO; AI; A312 GR TP316; S/C; PC; B36.19
TUB-417-030062	Sch 160	TUBO METÁLICO; AI; A312 GR TP316; S/C; PC; B36.19
TUB-417-040053	Sch 160	TUBO METÁLICO; AI; A312 GR TP316; S/C; PC; B36.19
TUB-417-060048	Sch 160	TUBO METÁLICO; AI; A312 GR TP316; S/C; PC; B36.19
TUB-417-080063	Sch 160	TUBO METÁLICO; AI; A312 GR TP316; S/C; PC; B36.19
TUB-417-100077	Sch 160	TUBO METÁLICO; AI; A312 GR TP316; S/C; PC; B36.19
TUB-417-120096	Sch 160	TUBO METÁLICO; AI; A312 GR TP316; S/C; PC; B36.19
TUB-421-120012		TUBO; AC; A671 GR CC 60 CL 33; C/C; PC; B36.10
TUB-421-120999		TUBO; AC; A671 GR CC 60 CL 33; C/C; PC; B36.10
TUB-421-140010	Sch 30	TUBO; AC; A671 GR CC 60 CL 33; C/C; PC; B36.10
TUB-421-140999		TUBO; AC; A671 GR CC 60 CL 33; C/C; PC; B36.10
TUB-421-160009	Sch 30	TUBO; AC; A671 GR CC 60 CL 33; C/C; PC; B36.10
TUB-421-160999		TUBO; AC; A671 GR CC 60 CL 33; C/C; PC; B36.10
TUB-421-180006		TUBO; AC; A671 GR CC 60 CL 33; C/C; PC; B36.10
TUB-421-180999		TUBO; AC; A671 GR CC 60 CL 33; C/C; PC; B36.10
TUB-421-200005	Sch 20	TUBO; AC; A671 GR CC 60 CL 33; C/C; PC; B36.10
TUB-421-200999		TUBO; AC; A671 GR CC 60 CL 33; C/C; PC; B36.10
TUB-421-240004	Sch 20	TUBO; AC; A671 GR CC 60 CL 33; C/C; PC; B36.10
TUB-421-240999		TUBO; AC; A671 GR CC 60 CL 33; C/C; PC; B36.10
TUB-421-260999		TUBO; AC; A671 GR CC 60 CL 33; C/C; PC; B36.10
TUB-421-300999		TUBO; AC; A671 GR CC 60 CL 33; C/C; PC; B36.10
TUB-421-360999		TUBO; AC; A671 GR CC 60 CL 33; C/C; PC; B36.10
TUB-421-420999		TUBO; AC; A671 GR CC 60 CL 33; C/C; PC; B36.10
TUB-421-480999		TUBO; AC; A671 GR CC 60 CL 33; C/C; PC; B36.10
TUB-421-540999		TUBO; AC; A671 GR CC 60 CL 33; C/C; PC; B36.10
TUB-421-600999		TUBO; AC; A671 GR CC 60 CL 33; C/C; PC; B36.10
TUB-424-010000		TUBO NÃO METÁLICO (PENDENTE DESCRIÇÃO)
TUB-424-015000		TUBO NÃO METÁLICO (PENDENTE DESCRIÇÃO)
TUB-424-020000		TUBO NÃO METÁLICO (PENDENTE DESCRIÇÃO)
TUB-424-030000		TUBO NÃO METÁLICO (PENDENTE DESCRIÇÃO)
TUB-424-040000		TUBO NÃO METÁLICO (PENDENTE DESCRIÇÃO)
TUB-424-060000		TUBO NÃO METÁLICO (PENDENTE DESCRIÇÃO)
TUB-424-080000		TUBO NÃO METÁLICO (PENDENTE DESCRIÇÃO)
TUB-425-010000		TUBO NÃO METÁLICO (PENDENTE DESCRIÇÃO)
TUB-425-015000		TUBO NÃO METÁLICO (PENDENTE DESCRIÇÃO)
TUB-425-020000		TUBO NÃO METÁLICO (PENDENTE DESCRIÇÃO)
TUB-425-030000		TUBO NÃO METÁLICO (PENDENTE DESCRIÇÃO)
TUB-425-040000		TUBO NÃO METÁLICO (PENDENTE DESCRIÇÃO)
TUB-425-060000		TUBO NÃO METÁLICO (PENDENTE DESCRIÇÃO)
TUB-425-080000		TUBO NÃO METÁLICO (PENDENTE DESCRIÇÃO)
TUB-426-005026	Sch 40S	TUBO; NI; B161 UNS N02200; S/C; PC; B36.19
TUB-426-007043	Sch 40S	TUBO; NI; B161 UNS N02200; S/C; PC; B36.19
TUB-426-010050	Sch 40S	TUBO; NI; B161 UNS N02200; S/C; PC; B36.19
TUB-426-015027	Sch 40S	TUBO; NI; B161 UNS N02200; S/C; PC; B36.19
TUB-426-020023	Sch 40S	TUBO; NI; B161 UNS N02200; S/C; PC; B36.19
TUB-426-030040	Sch 40S	TUBO; NI; B161 UNS N02200; S/C; PC; B36.19
TUB-426-040045	Sch 40S	TUBO; NI; B161 UNS N02200; S/C; PC; B36.19
TUB-426-060009	Sch 10S	TUBO; NI; B161 UNS N02200; S/C; PC; B36.19
TUB-426-060053	Sch 40S	TUBO; NI; B161 UNS N02200; S/C; PC; B36.19
TUB-426-080011	Sch 10S	TUBO; NI; B161 UNS N02200; S/C; PC; B36.19
TUB-426-080061	Sch 40S	TUBO; NI; B161 UNS N02200; S/C; PC; B36.19
TUB-426-100030	Sch 10S	TUBO; NI; B161 UNS N02200; S/C; PC; B36.19
TUB-426-100067	Sch 40S	TUBO; NI; B161 UNS N02200; S/C; PC; B36.19
TUB-426-120012	Sch 40S	TUBO; NI; B161 UNS N02200; S/C; PC; B36.19
TUB-426-120034	Sch 10S	TUBO; NI; B161 UNS N02200; S/C; PC; B36.19
TUB-426-140010	Sch 40S	TUBO; NI; B161 UNS N02200; S/C; PC; B36.19
TUB-426-140037	Sch 10S	TUBO; NI; B161 UNS N02200; S/C; PC; B36.19
TUB-426-160009	Sch 40S	TUBO; NI; B161 UNS N02200; S/C; PC; B36.19
TUB-426-160041	Sch 10S	TUBO; NI; B161 UNS N02200; S/C; PC; B36.19
TUB-426-180006	Sch 40S	TUBO; NI; B161 UNS N02200; S/C; PC; B36.19
TUB-426-180032	Sch 10S	TUBO; NI; B161 UNS N02200; S/C; PC; B36.19
TUB-428-010050	Sch 40	TUBO METÁLICO; AC; A106 GR B; S/C; PC; PVDF; B36.10
TUB-428-015027	Sch 40	TUBO METÁLICO; AC; A106 GR B; S/C; PC; PVDF; B36.10
TUB-428-020023	Sch 40	TUBO METÁLICO; AC; A106 GR B; S/C; PC; PVDF; B36.10
TUB-428-030040	Sch 40	TUBO METÁLICO; AC; A106 GR B; S/C; PC; PVDF; B36.10
TUB-428-040045	Sch 40	TUBO METÁLICO; AC; A106 GR B; S/C; PC; PVDF; B36.10
TUB-428-060053	Sch 40	TUBO METÁLICO; AC; A106 GR B; S/C; PC; PVDF; B36.10
TUB-428-080061	Sch 40	TUBO METÁLICO; AC; A106 GR B; S/C; PC; PVDF; B36.10
TUB-429-020000		TUBO NÃO METÁLICO; PLÁSTICO; PEAD; PL; ISO 4427; 5,8 MM; PN16
TUB-430-040000		TUBO NÃO METÁLICO; PLÁSTICO; PEAD; PL; ISO 4427; 10,0 MM; PN16
TUB-431-060000		TUBO NÃO METÁLICO; PLÁSTICO; PEAD; PL; ISO 4427; 14,6 MM; PN16
TUB-432-080000		TUBO NÃO METÁLICO; PLÁSTICO; PEAD; PL; ISO 4427; 20,5 MM; PN16
TUB-433-100000		TUBO NÃO METÁLICO; PLÁSTICO; PEAD; PL; ISO 4427; 25,5 MM; PN16
TUB-434-120000		TUBO NÃO METÁLICO; PLÁSTICO; PEAD; PL; ISO 4427; 28,7 MM; PN16
TUB-435-140000		TUBO NÃO METÁLICO; PLÁSTICO; PEAD; PL; ISO 4427; 32,3 MM; PN16
TUB-436-160000		TUBO NÃO METÁLICO; PLÁSTICO; PEAD; PL; ISO 4427; 36,4 MM; PN16
TUB-437-005000		TUBO PRFV; PLÁSTICO; PRFV DERAKANE 411-350; EP-100-21.00-606; PL; 150LB
TUB-437-007000		TUBO PRFV; PLÁSTICO; PRFV DERAKANE 411-350; EP-100-21.00-606; PL; 150LB
TUB-437-010000		TUBO PRFV; PLÁSTICO; PRFV DERAKANE 411-350; EP-100-21.00-606; PL; 150LB
TUB-437-015000		TUBO PRFV; PLÁSTICO; PRFV DERAKANE 411-350; EP-100-21.00-606; PL; 150LB
TUB-437-020000		TUBO PRFV; PLÁSTICO; PRFV DERAKANE 411-350; EP-100-21.00-606; PL; 150LB
TUB-437-030000		TUBO PRFV; PLÁSTICO; PRFV DERAKANE 411-350; EP-100-21.00-606; PL; 150LB
TUB-437-040000		TUBO PRFV; PLÁSTICO; PRFV DERAKANE 411-350; EP-100-21.00-606; PL; 150LB
TUB-439-160999		TUBO METÁLICO; AI; A358 GR 316 CL 5; EFW; PC; B36.19
TUB-439-180999		TUBO METÁLICO; AI; A358 GR 316 CL 5; EFW; PC; B36.19
TUB-439-200999		TUBO METÁLICO; AI; A358 GR 316 CL 5; EFW; PC; B36.19
TUB-439-240999		TUBO METÁLICO; AI; A358 GR 316 CL 5; EFW; PC; B36.19
TUB-444-001005	Sch 10S	TUBO; AI; A312 N08904 CL2; C/C; PC; B36.19
TUB-444-002002	Sch 10S	TUBO; AI; A312 N08904 CL2; C/C; PC; B36.19
TUB-444-005028	Sch 10S	TUBO; AI; A312 N08904 CL2; C/C; PC; B36.19
TUB-444-007045	Sch 10S	TUBO; AI; A312 N08904 CL2; C/C; PC; B36.19
TUB-444-010053	Sch 10S	TUBO; AI; A312 N08904 CL2; C/C; PC; B36.19
TUB-444-015035	Sch 10S	TUBO; AI; A312 N08904 CL2; C/C; PC; B36.19
TUB-444-020035	Sch 10S	TUBO; AI; A312 N08904 CL2; C/C; PC; B36.19
TUB-444-030032	Sch 10S	TUBO; AI; A312 N08904 CL2; C/C; PC; B36.19
TUB-444-040016	Sch 10S	TUBO; AI; A312 N08904 CL2; C/C; PC; B36.19
TUB-444-060009	Sch 10S	TUBO; AI; A312 N08904 CL2; C/C; PC; B36.19
TUB-444-080011	Sch 10S	TUBO; AI; A312 N08904 CL2; C/C; PC; B36.19
TUB-444-100030	Sch 10S	TUBO; AI; A312 N08904 CL2; C/C; PC; B36.19
TUB-444-120034	Sch 10S	TUBO; AI; A312 N08904 CL2; C/C; PC; B36.19
TUB-444-140037	Sch 10S	TUBO; AI; A312 N08904 CL2; C/C; PC; B36.19
TUB-444-160041	Sch 10S	TUBO; AI; A312 N08904 CL2; C/C; PC; B36.19
TUB-444-180032	Sch 10S	TUBO; AI; A312 N08904 CL2; C/C; PC; B36.19
TUB-444-200034	Sch 10S	TUBO; AI; A312 N08904 CL2; C/C; PC; B36.19
TUB-444-240047	Sch 10S	TUBO; AI; A312 N08904 CL2; C/C; PC; B36.19
TUB-445-001005	Sch 10S	TUBO; AI; A312 N08904 CL2; C/C; PC; B36.19
TUB-445-002002	Sch 10S	TUBO; AI; A312 N08904 CL2; C/C; PC; B36.19
TUB-445-005028	Sch 10S	TUBO; AI; A312 N08904 CL2; C/C; PC; B36.19
TUB-445-007045	Sch 10S	TUBO; AI; A312 N08904 CL2; C/C; PC; B36.19
TUB-445-010053	Sch 10S	TUBO; AI; A312 N08904 CL2; C/C; PC; B36.19
TUB-445-015035	Sch 10S	TUBO; AI; A312 N08904 CL2; C/C; PC; B36.19
TUB-445-020035	Sch 10S	TUBO; AI; A312 N08904 CL2; C/C; PC; B36.19
TUB-445-030032	Sch 10S	TUBO; AI; A312 N08904 CL2; C/C; PC; B36.19
TUB-445-040016	Sch 10S	TUBO; AI; A312 N08904 CL2; C/C; PC; B36.19
TUB-445-060009	Sch 10S	TUBO; AI; A312 N08904 CL2; C/C; PC; B36.19
TUB-445-080011	Sch 10S	TUBO; AI; A312 N08904 CL2; C/C; PC; B36.19
TUB-445-100030	Sch 10S	TUBO; AI; A312 N08904 CL2; C/C; PC; B36.19
TUB-445-120034	Sch 10S	TUBO; AI; A312 N08904 CL2; C/C; PC; B36.19
TUB-445-140037	Sch 10S	TUBO; AI; A312 N08904 CL2; C/C; PC; B36.19
TUB-445-160041	Sch 10S	TUBO; AI; A312 N08904 CL2; C/C; PC; B36.19
TUB-445-180032	Sch 10S	TUBO; AI; A312 N08904 CL2; C/C; PC; B36.19
TUB-445-200034	Sch 10S	TUBO; AI; A312 N08904 CL2; C/C; PC; B36.19
TUB-445-240047	Sch 10S	TUBO; AI; A312 N08904 CL2; C/C; PC; B36.19
TUB-455-026001		TUBING; AI; AISI 4340; S/C; LUMMUS 400-15
TUB-455-026002		TUBING; AI; AISI 4340; S/C; LUMMUS 400-15
TUB-461-020035	Sch 10S	TUBO; AI; URANUS B6 (AI 904L); C/C; PC; B36.19
TUB-461-030032	Sch 10S	TUBO; AI; URANUS B6 (AI 904L); C/C; PC; B36.19
TUB-461-040016	Sch 10S	TUBO; AI; URANUS B6 (AI 904L); C/C; PC; B36.19
TUB-461-060009	Sch 10S	TUBO; AI; URANUS B6 (AI 904L); C/C; PC; B36.19
TUB-461-080011	Sch 10S	TUBO; AI; URANUS B6 (AI 904L); C/C; PC; B36.19
TUB-461-100030	Sch 10S	TUBO; AI; URANUS B6 (AI 904L); C/C; PC; B36.19
TUB-462-005026	Sch 40S	TUBO; NI; B167 UNS 06600; S/C; PC; B36.10
TUB-462-007043	Sch 40S	TUBO; NI; B167 UNS 06600; S/C; PC; B36.10
TUB-462-010050	Sch 40S	TUBO; NI; B167 UNS 06600; S/C; PC; B36.10
TUB-462-015027	Sch 40S	TUBO; NI; B167 UNS 06600; S/C; PC; B36.10
TUB-462-020023	Sch 40S	TUBO; NI; B167 UNS 06600; S/C; PC; B36.10
TUB-463-025024	Sch 10S	TUBO; NI; B167 UNS 06600; C/C; PC; B36.10
TUB-466-030000		TUBO NÃO METÁLICO; PLÁSTICO; PEAD PE-100; PL; ISO 4427; 10,0 MM; PN20
TUB-467-040000		TUBO NÃO METÁLICO; PLÁSTICO; PEAD PE-100; PL; ISO 4427; 12,3 MM; PN20
TUB-468-060000		TUBO NÃO METÁLICO; PLÁSTICO; PEAD PE-100; PL; ISO 4427; 17,8 MM; PN20
TUB-469-080000		TUBO NÃO METÁLICO; PLÁSTICO; PEAD PE-100; PL; ISO 4427; 25,0 MM; PN20
TUB-470-100000		TUBO NÃO METÁLICO; PLÁSTICO; PEAD PE-100; PL; ISO 4427; 31,2 MM; PN20
TUB-471-120000		TUBO NÃO METÁLICO; PLÁSTICO; PEAD PE-100; PL; ISO 4427; 35,0 MM; PN20
